ID,Denumirea_stiintifică,Denumirea_populară,Clasa,Familia,Habitat,Localitatea,Silvice,Pajisti_sau_stepice,Stancarii,Palustre_si_acvatice,P_rară,Conventia_Berna,Directiva_Habitate,RM_Cartea_R_2015,Frcevența
P_1,Equisetum arvense L.,Ecvisetă campestră,Equisetopsida,Equisetaceae,,, ,+, , ,,,,,C
P_2,Equisetum hyemale L.,Ecvisetă hibernantă,Equisetopsida,Equisetaceae,,, ,+, , ,,,,,C
P_3,Equisetum palustre L.,Ecvisetă palustră,Equisetopsida,Equisetaceae,,, , , ,+,,,,,C
P_4,Equisetum telmateia Ehrh. ,Ecvisetă telmicolă,Equisetopsida,Equisetaceae,,, ,+, , ,,,,,C
P_5,Ophioglossum vulgatum L.,Grăitoare comună,Polypodiopsida,Ophioglossaceae,,,,,+,,,,,,RR
P_6,Athyrium filix-femina (L.) Roth,Filice feminină,Polypodiopsida,Athyriaceae,,,+,,,,,,,,RR
P_7,Cystopteris fragilis (L.)Bernh,Vezicarie fragilă,Polypodiopsida,Athyriaceae,,,,,+,,,,,,RR
P_8,Asplenium ruta-muraria L.,Ruginiță parietală,Polypodiopsida,Aspleniaceae,,,,,+,,,,,,R
P_9,Asplenium trichomanes L,Ruginiță filiformă,Polypodiopsida,Aspleniaceae,,,,,+,,,,,,R
P_10,Gymnocarpium dryopteris(L.) Newman,Gimnocarpiu ferigoideu,Polypodiopsida,Aspidiaceae,,,,,+,,,,,,RR
P_11,Gymnocarpium robertianum (Hoffm) Newman,Gimnocarpiu Robert,Polypodiopsida,Aspidiaceae,,,,,+,,,,,,RR
P_12,Dryopteris dilatata (Hoffm.) A. Gray,Ferigă dilatată,Polypodiopsida,Dryopteridaceae,,,+,,,,,,,,RR
P_13,Dryopteris carthusiana H.P. Fuchs  ,Ferigă cartuziuană,Polypodiopsida,Dryopteridaceae,,,+,,,,,,,,RR
P_14,Dryopteris caucasica (A.Br.) Fraser-Jenkins et Corley,Ferigă caucaziană,Polypodiopsida,Dryopteridaceae,,,+,,,,,,,,RR
P_15,Dryopteris filix-mas (L.) Schott  ,Ferigă masculină,Polypodiopsida,Dryopteridaceae,,,+,,,,,,,,RR
P_16,Acer campestre L.,Jugastru,Magnoliopsida,Aceraceae,,,+,,,,,,,,C
P_17,Acer negundo L.,Arțar negru,Magnoliopsida,Aceraceae,,,+,,,,,,,,C
P_18,Acer platanoides L.,Paltin de câmp,Magnoliopsida,Aceraceae,,,+,,,,,,,,C
P_19,Acer pseudoplatanus L.,Paltin de munte,Magnoliopsida,Aceraceae,,,+,,,,,,,,C
P_20,Acer tataricum L.,Arțar tătăresc,Magnoliopsida,Aceraceae,,,+,,,,,,,,C
P_21,Aegopodium podagraria L.,Piciorul caprei,Magnoliopsida,Apiaceae,,, +, , , ,,,,,C
P_22,Aethusa cynapium L.,Pătrunjica câinelui,Magnoliopsida,Apiaceae,,, +, , , ,,,,,C
P_23,Angelica sylvestris L.,Angelică silvicolă,Magnoliopsida,Apiaceae,,, +, , , ,,,,,C
P_24,Anthriscus cerefolium (L.) Hoffm,Hațmațucă cerifolie ,Magnoliopsida,Apiaceae,,, +, , , ,,,,,C
P_25,Anthriscus sylvestris (L.) Hoffm. ,Hațmațucă silvicolă,Magnoliopsida,Apiaceae,,, +, , , ,,,,,C
P_26,Bupleurum affine Sadler,Urechelniță înrudită,Magnoliopsida,Apiaceae,,, +, , , ,,,,,C
P_27,Bupleurum falcatum L.,Urechelniță falcată,Magnoliopsida,Apiaceae,,, +, , , ,,,,,C
P_28,Bupleurum rotundifolium L.,Urechelniță rotundifolie,Magnoliopsida,Apiaceae,,, +, , , ,,,,,C
P_29,Carum carvi L.,Chimion,Magnoliopsida,Apiaceae,,, +, , , ,,,,,C
P_30,Caucalis platycarpos L.,Ghiurluci platicarp,Magnoliopsida,Apiaceae,,, +, , , ,,,,,C
P_31,Chaerophyllum bulbosum L.,Baraboi bulbos,Magnoliopsida,Apiaceae,,, +, , , ,,,,,C
P_32,Chaerophyllum temulum L.,Baraboi amețitor,Magnoliopsida,Apiaceae,,, +, , , ,,,,,C
P_33,Conium maculatum L.,Cucută patată,Magnoliopsida,Apiaceae,,, +,+, ,+,,,,,C
P_34,Daucus carota L.,Morcov sălbatic,Magnoliopsida,Apiaceae,,, +,+, , ,,,,,C
P_35,Eryngium campestre L.,Scai campestru,Magnoliopsida,Apiaceae,,, ,+, , ,,,,,C
P_36,Eryngium planum L.,Scai plan,Magnoliopsida,Apiaceae,,, ,+, , ,,,,,C
P_37,Falcaria vulgaris Bernh.,Dornic comun,Magnoliopsida,Apiaceae,,, ,+, , ,,,,,C
P_38,Heracleum sibiricum L.,Brâncuță siberiană,Magnoliopsida,Apiaceae,,, +, , , ,,,,,C
P_39,Oenanthe aquatica L.,Mărăraș acvatic ,Magnoliopsida,Apiaceae,,, +, , , ,,,,,C
P_40,Oenanthe silaifolia Bieb. ,Mărăraș silaifoliu,Magnoliopsida,Apiaceae,,, +,+, , ,,,,,C
P_41,Pastinaca sylvestris Mill.,Păstârnac silvicol,Magnoliopsida,Apiaceae,,, +, , , ,,,,,C
P_42,Peucedanum alsaticum L.,Mărarul porcului,Magnoliopsida,Apiaceae,,, +, , , ,,,,,C
P_43,Peucedanum cervaria L. ,Somnoroasă carvifolie,Magnoliopsida,Apiaceae,,, +, , , ,,,,,C
P_44,Peucedanum latifolium (M. Bieb)DC,Somnoroasă latifolie,Magnoliopsida,Apiaceae,,, ,+, , ,,,,,C
P_45,Pimpinella saxifraga L.,Petringel saxifragoid,Magnoliopsida,Apiaceae,,, +, , , ,,,,,C
P_46,Sanicula europaea L.,Sineghioară europeană,Magnoliopsida,Apiaceae,,, +, , , ,,,,,R
P_47,Seseli annuum L.,Zmeoae anuală,Magnoliopsida,Apiaceae,,, +, , , ,,,,,C
P_48,Seseli peucedanifolium Besser, ,Magnoliopsida,Apiaceae,,, , ,+, ,,,,,C
P_49,Sium sisaroideum D.C.,Bolonică comună,Magnoliopsida,Apiaceae,,, +, , , ,,,,,C
P_50,Torilis arvensis (Hudson) Link,Asmățui campestru,Magnoliopsida,Apiaceae,,, +,+, , ,,,,,C
P_51,Torilis japonica (Houtt) DC. ,Asmățui japonez,Magnoliopsida,Apiaceae,,, +,+, , ,,,,,C
P_52,Alisma lanceolatum With.,Limbariță lanceolată,Magnoliopsida,Alismataceae,,,,,,,,,,,C
P_53,Alisma plantago-aquatica L.,Pătlagina apei,Magnoliopsida,Alismataceae,,,,,,+,,,,,C
P_54,Allium angulosum L.,Ceapă muchiată,Magnoliopsida,Alliaceae,,, ,+, , ,,,,,C
P_55,Allium paniculatum L.,Ceapă paniculată,Magnoliopsida,Alliaceae,,, ,+, , ,,,,,C
P_56,Allium inaequale Janka,Ceapă inegală,Magnoliopsida,Alliaceae,,, , ,+, ,,,,,RR
P_57,Allium rotundum L.,Pur,Magnoliopsida,Alliaceae,,, ,+, , ,,,,,C
P_58,Allium scorodoprasum L.,Aiul șarpelui,Magnoliopsida,Alliaceae,,, ,+, , ,,,,,C
P_59,Allium sphaerocephalon L.,Ceapă sferocapitată,Magnoliopsida,Alliaceae,,, , ,+, ,,,,,C
P_60,Allium ursinum L.,Leurdă,Magnoliopsida,Alliaceae,,, +, , , ,,,,,C
P_61,Galanthus nivalis L.,Ghiocel nival,Magnoliopsida,Amaryllidaceae,,,+,,,,,,,,RR
P_62,Cotinus coggygria Scop.,Scumpie,Magnoliopsida,Anacardiaceae,,,,,+,,,,,,C
P_63,Vinca herbacea Waldst. et Kit.,Brebenoc erbaceu,Magnoliopsida,Apocynaceae,,,,+,,,,,,,C
P_64,Vinca minor L.,Brebenoc minor,Magnoliopsida,Apocynaceae,,,+,,,,,,,,C
P_65,Arum orientale Bieb.,Aron oriental,Magnoliopsida,Araceae,,, +, , , ,,,,,R
P_66,Hedera helix L.,Iederă,Magnoliopsida,Araliaceae,,, +, , , ,,,,,C
P_67,Aristolochia clematitis L.,Curcubețică curpenoidă,Magnoliopsida,Aristolochiaceae,,, ,+, , ,,,,,C
P_68,Asarum europaeum L.,Popivnic european,Magnoliopsida,Aristolochiaceae,,, +, , , ,,,,,C
P_69,Vincetoxicum hirundinaria Medik.,Rânduniță,Magnoliopsida,Asclepiadaceae,,, ,+,+, ,,,,,C
P_70,Asparagus officinalis L.,Sparanghel medicinal,Magnoliopsida,Asparagaceae,,, ,+, , ,,,,,C
P_71,Asparagus tenuifolius Lam.,Umbra iepurelui,Magnoliopsida,Asparagaceae,,, +, , , ,,,,,C
P_72,Asparagus verticillatus L.,Sparanghel verticilat,Magnoliopsida,Asparagaceae,,, +, ,+, ,,,,,R
P_73,Achillea collina Becker,Alunică colinară,Magnoliopsida,Asteraceae,,, ,+,+, ,,,,,C
P_74,Achillea millefolium L.,Coada șoricelului,Magnoliopsida,Asteraceae,,, ,+, , ,,,,,C
P_75,Achillea nobilis L.,Alunică nobilă,Magnoliopsida,Asteraceae,,, ,+, , ,,,,,C
P_76,Achillea pannonica Scheele,Alunică panoniană,Magnoliopsida,Asteraceae,,, ,+, , ,,,,,C
P_77,Achillea setacea Waldst. et Kit.,Alunică setacee,Magnoliopsida,Asteraceae,,, ,+, , ,,,,,C
P_78,Achyrophorus maculatus (L.) Scop.,Amărea pătată,Magnoliopsida,Asteraceae,,, +, , , ,,,,,C
P_79,Ambrosia artemisifolia L.,Venetică artemisifolie,Magnoliopsida,Asteraceae,,, ,+, , ,,,,,C
P_80,Anthemis cotula L.,Romanița câinelui,Magnoliopsida,Asteraceae,,, +, , , ,,,,,C
P_81,Anthemis ruthenica Bieb.,Romaniță rusească,Magnoliopsida,Asteraceae,,, +, , , ,,,,,C
P_82,Anthemis subtinctoria Dobrocz.,Romaniță subtinctorială,Magnoliopsida,Asteraceae,,, +, , , ,,,,,C
P_83,Arctium lappa L.,Brusture mare,Magnoliopsida,Asteraceae,,, ,+, , ,,,,,C
P_84,Arctium tomentosum Mill.,Brusture tomentos,Magnoliopsida,Asteraceae,,, +, , , ,,,,,C
P_85,Artemisia absinthium L.,Pelin alb,Magnoliopsida,Asteraceae,,, ,+, , ,,,,,C
P_86,Artemisia annua L.,Pelin anual,Magnoliopsida,Asteraceae,,, ,+, , ,,,,,C
P_87,Artemisia austriaca Jacq.,Pelin austriac,Magnoliopsida,Asteraceae,,, ,+, , ,,,,,C
P_88,Artemisia campestris L.,Pelin campestru,Magnoliopsida,Asteraceae,,, ,+, , ,,,,,C
P_89,Artemisia vulgaris L.,Pelin comun,Magnoliopsida,Asteraceae,,, ,+, , ,,,,,C
P_90,Aster amellus L.,Steluță,Magnoliopsida,Asteraceae,,, ,+, , ,,,,,C
P_91,Bidens cernua L.,Dentiță nutantă,Magnoliopsida,Asteraceae,,, ,+, ,+,,,,,C
P_92,Bidens tripartita L.,Dentiță tripartită,Magnoliopsida,Asteraceae,,, ,+, ,+,,,,,C
P_93,Carduus crispus L.,Spin crispat,Magnoliopsida,Asteraceae,,, +,+, , ,,,,,C
P_94,Carduus hamulosus Ehrh.,Spin hamulos,Magnoliopsida,Asteraceae,,, +,+, , ,,,,,C
P_95,Carduus nutans L.,Spin nutant,Magnoliopsida,Asteraceae,,, +,+, , ,,,,,C
P_96,Carlina biebersteinii Bernh ex Hornem.,Turtacă Bieberștein,Magnoliopsida,Asteraceae,,, , ,+, ,,,,,C
P_97,Carlina vulgaris L.,Turtacă comună,Magnoliopsida,Asteraceae,,, , ,+, ,,,,,C
P_98,Carpesium cernuum L.,Dosnică nutantă,Magnoliopsida,Asteraceae,,, ,+, , ,,,,,C
P_99,Carthamus lanatus L.,Pintenoagă lânoasă,Magnoliopsida,Asteraceae,,, ,+, , ,,,,,C
P_100,Centaurea apiculata Ledeb.,Albăstriță apiculată,Magnoliopsida,Asteraceae,,, ,+, , ,,,,,C
P_101,Centaurea  biebersteinii DC.,Albăstriță Bieberștein,Magnoliopsida,Asteraceae,,, ,+, , ,,,,,C
P_102,Centaurea diffusa Lam.,Albăstriță difuză,Magnoliopsida,Asteraceae,,, ,+, , ,,,,,C
P_103,Centaurea iberica Trv. ex Spreng.,Albăstriță iberică,Magnoliopsida,Asteraceae,,, ,+, , ,,,,,C
P_104,Centaurea jacea L.,Albăstriță praticolă,Magnoliopsida,Asteraceae,,, ,+, , ,,,,,C
P_105,Centaurea marschalliana Spreng,Albăstriță Marșal,Magnoliopsida,Asteraceae,,, , ,+, ,,,,, R
P_106,Centaurea orientalis L.,Albăstriță orientală,Magnoliopsida,Asteraceae,,, ,+, , ,,,,,C
P_107,Centaurea pseudomaculosa Dobrocz.,Albăstriță pseudomaculată,Magnoliopsida,Asteraceae,,, ,+, , ,,,,,C
P_108,Centaurea × pulberiana Pînzaru ,Albăstriță Pulbere,Magnoliopsida,Asteraceae,,, , ,+, ,,,,,R 
P_109,Centaurea ruthenica Lam.,Albăstriță rusească,Magnoliopsida,Asteraceae,,, , , , ,,,,,R
P_110,Centaurea scabiosa L.,Albăstriță scabioasă,Magnoliopsida,Asteraceae,,, ,+, , ,,,,,C
P_111,Centaurea solstitialis L.,Scai galben,Magnoliopsida,Asteraceae,,, ,+, , ,,,,,C
P_112,Centaurea stereophylla Bess,Albăstriță rigidifolie,Magnoliopsida,Asteraceae,,, , , , ,,,,,C
P_113,Chamomilla recutita L.,Mușețel,Magnoliopsida,Asteraceae,,, ,+, , ,,,,,C
P_114,Chamomilla suaveolens (Pursh.) Rydb.,Mușețea,Magnoliopsida,Asteraceae,,, ,+, , ,,,,,C
P_115,Chondrilla juncea L.,Răsfug junceu,Magnoliopsida,Asteraceae,,, ,+, , ,,,,,C
P_116,Cichorium intybus L.,Cicoare comună,Magnoliopsida,Asteraceae,,, ,+, , ,,,,,C
P_117,Cirsium arvense (L.) Scop.,Pălămidă campestră,Magnoliopsida,Asteraceae,,, ,+, , ,,,,,C
P_118,Cirsium canum  (L.) All.,Pălămidă cenușie,Magnoliopsida,Asteraceae,,, , , , ,,,,,R
P_119,Cirsium oleraceum (L.) Scop.,Pălămidă oleracee,Magnoliopsida,Asteraceae,,, ,+, , ,,,,,C
P_120,Cirsium vulgare (Savi)Ten.,Pălămidă comună,Magnoliopsida,Asteraceae,,, ,+, , ,,,,,C
P_121,Cirsium setosum (Willd.) Besser,Pălămidă setoasă,Magnoliopsida,Asteraceae,,, +, , , ,,,,,C
P_122,Crepis biennis L.,Gălbenuș bianual,Magnoliopsida,Asteraceae,,, +, , , ,,,,,C
P_123,Crepis tectorum L.,Gălbenuș tecticol,Magnoliopsida,Asteraceae,,, , , , ,,,,,C
P_124,Crepis rhoeadifolia (Bieb.) Celak.,Gălbenuș rubrifoliu,Magnoliopsida,Asteraceae,,, +, , , ,,,,,C
P_125,Crepis setosa Haller Fil.,Gălbenuș setos,Magnoliopsida,Asteraceae,,, +, , , ,,,,,C
P_126,Crinitaria linosyris (L.) Less.,Coamă aurie,Magnoliopsida,Asteraceae,,, ,+, , ,,,,,C
P_127,Doronicum hungaricum Reichenb. fil.,Cujdă ungurească,Magnoliopsida,Asteraceae,,, +, , , ,,,,,R
P_128,Echinops sphaerocephalus L.,Rostogol sferocefal,Magnoliopsida,Asteraceae,,, ,+,+, ,,,,,C
P_129,Echinops ruthenicus M.Bieb.,Rostogol rusesc,Magnoliopsida,Asteraceae,,, ,+, , ,,,,,C
P_130,Erigeron annuus (L.) Pers.,Bătrâniș anual,Magnoliopsida,Asteraceae,,, ,+, , ,,,,,C
P_131,Erigeron canadensis L.,Bătrâniș canadian,Magnoliopsida,Asteraceae,,, ,+, , ,,,,,C
P_132,Erigeron podolicus Bess.,Bătrâniș podolean,Magnoliopsida,Asteraceae,,, ,+, , ,,,,,C
P_133,Eupatorium cannabinum L.,Cânepioara codrului,Magnoliopsida,Asteraceae,,, ,+, , ,,,,,C
P_134,Filago arvensis L.,Flocoșel campestru,Magnoliopsida,Asteraceae,,, ,+,+, ,,,,,C
P_135,Galisonga parviflora Cav.,Busuioacă parvifloră,Magnoliopsida,Asteraceae,,, +,+, , ,,,,,C
P_136,Gnaphalium rossicum Kirp.,Lânărică rusească,Magnoliopsida,Asteraceae,,, +, , , ,,,,,C
P_137,Grindelia squarrosa (Pursh.) Dunal,Grindelie scvaroasă,Magnoliopsida,Asteraceae,,, ,+, , ,,,,,C
P_138,Helichrysum arenarium (L.) Moench,Siminoc arenicol,Magnoliopsida,Asteraceae,,, ,+,+, ,,,,,R
P_139,Hieracium caespitosum Dumort.,Vulturică cespitoasă,Magnoliopsida,Asteraceae,,, ,+, , ,,,,,R
P_140,Hieracium glaucescens Bess.,Vulturică glaucescentă,Magnoliopsida,Asteraceae,,, ,+, , ,,,,,C
P_141,Hieracium pilosella L.,Vulturică fin-păroasă,Magnoliopsida,Asteraceae,,, ,+, , ,,,,,C
P_142,Hieracium virosum Pallas.,Vulturică virotică,Magnoliopsida,Asteraceae,,, ,+, , ,,,,,C
P_143,Inula britannica L.,Sovârvăriță britanică,Magnoliopsida,Asteraceae,,, ,+, , ,,,,,C
P_144,Inula ensifolia L.,Sovârvăriță enzifolie,Magnoliopsida,Asteraceae,,, , ,+, ,,,,,R
P_145,Inula germanica L.,Sovârvăriță germană,Magnoliopsida,Asteraceae,,, ,+, , ,,,,,C
P_146,Inula helenium L.,Iarbă mare,Magnoliopsida,Asteraceae,,, +, , , ,,,,,C
P_147,Inula hirta L.,Sovârvăriță hirsută,Magnoliopsida,Asteraceae,,, ,+, , ,,,,,C
P_148,Inula oculus-christi L.,Ochiul-lui-Cristos,Magnoliopsida,Asteraceae,,, ,+, , ,,,,,C
P_149,Inula salicina L.,Sovârvăriță salicină,Magnoliopsida,Asteraceae,,, +, , , ,,,,,C
P_150,Jurinea mollis L.,Jurinee moale,Magnoliopsida,Asteraceae,,, , ,+, ,,,,,C
P_151,Jurinea stoechadifolia (M. Bieb.) DC.,Jurinee integrifolie,Magnoliopsida,Asteraceae,,, , ,+, ,,,,,RR
P_152,Lactuca serriola L,Lăptucă serată,Magnoliopsida,Asteraceae,,, ,+,+, ,,,,,C
P_153,Lactuca quercina L.,Lăptucă silvatică,Magnoliopsida,Asteraceae,,, +, , , ,,,,,C
P_154,Lactuca saligna L.,Lăptucă salicină,Magnoliopsida,Asteraceae,,, , , , ,,,,,C
P_155,Lapsana communis L.,Zgrăbunțică comună,Magnoliopsida,Asteraceae,,, ,+, , ,,,,,C
P_156,Leontodon hispidus L.,Leontel hispid,Magnoliopsida,Asteraceae,,, ,+,+, ,,,,,C
P_157,Leontodon biscutellifolius DC.,Leontel biscutelifoliu,Magnoliopsida,Asteraceae,,, , , , ,,,,,C
P_158,Leucanthemum vulgare Lam. ,Bumbișor comun,Magnoliopsida,Asteraceae,,, ,+, , ,,,,,C
P_159,Matricaria perforata Merat.,Mărăriță perforată,Magnoliopsida,Asteraceae,,, ,+, , ,,,,,C
P_160,Mycelis muralis (L.) Dumort.,Tâlhărea murală,Magnoliopsida,Asteraceae,,, +, , , ,,,,,C
P_161,Onopordum acanthium L.,Scăiete comun,Magnoliopsida,Asteraceae,,, ,+, , ,,,,,C
P_162,Picris heracioides L.,Amăruță hieracioidă,Magnoliopsida,Asteraceae,,, ,+, , ,,,,,C
P_163,Podospermum canum C.A.Mey.,Podosperm cărunt,Magnoliopsida,Asteraceae,,, ,+, , ,,,,,R
P_164,Podospermum laciniatum (L.) DC.,Podosperm laciniat,Magnoliopsida,Asteraceae,,, , , , ,,,,,C
P_165,Pyrethrum corymbosum (L.) Scop.,Năpraznic corimbos,Magnoliopsida,Asteraceae,,, ,+,+, ,,,,,C
P_166,Scorzonera purpurea L.,Lăptiucă purpurie,Magnoliopsida,Asteraceae,,, ,+,+, ,,,,,RR
P_167,Senecio erucifolius L.,Bătătorniță,Magnoliopsida,Asteraceae,,, ,+, , ,,,,,C
P_168,Senecio jacobaea L.,Cruciuliță praticolă,Magnoliopsida,Asteraceae,,, ,+, , ,,,,,C
P_169,Senecio vernalis Waldst. et Kit.,Cruciuliță vernală,Magnoliopsida,Asteraceae,,, ,+, , ,,,,,C
P_170,Serratula radiata (Walldst. et Kit.)M.Bieb.,Gălbinare radiată,Magnoliopsida,Asteraceae,,, , , , ,,,,,R
P_171,Serratula tinctoria L.,Gălbinare tinctorială,Magnoliopsida,Asteraceae,,, +,+, , ,,,,,C
P_172,Sonchus arvensis L.,Susai campestru,Magnoliopsida,Asteraceae,,, ,+, , ,,,,,C
P_173,Sonchus asper (L.) Hill.,Susai aspru,Magnoliopsida,Asteraceae,,, ,+, , ,,,,,C
P_174,Sonchus palustris L.,Susai palustru,Magnoliopsida,Asteraceae,,, , , , ,,,,, 
P_175,Tanacetum milefolium (L.)Tzvel.,Vetrice plurifolie,Magnoliopsida,Asteraceae,,, ,+, , ,,,,,C
P_176,Tanacetum vulgare L. ,Vetrice comună,Magnoliopsida,Asteraceae,,, ,+, , ,,,,,C
P_177,Taraxacum bessarabicum (Hornem.) Hand.-Mazz.,Păpădie basarabeană,Magnoliopsida,Asteraceae,,, ,+, , ,,,,,C
P_178,Taraxacum erythrospermum Andrz.,Păpădie eritrocarpă,Magnoliopsida,Asteraceae,,, ,+,+, ,,,,,C
P_179,Taraxacum hypanicum Tzvelev ,Păpădie hipanică,Magnoliopsida,Asteraceae,,, ,+, , ,,,,, C
P_180,Taraxacum officinale Wigg.,Păpădie medicinală,Magnoliopsida,Asteraceae,,, ,+, , ,,,,,C
P_181,Taraxacum serotinum (Waldst. et Kit.) Poir.,Păpădie tardivă,Magnoliopsida,Asteraceae,,, ,+, , ,,,,,C
P_182,Trogopogon desertorum (Lindem.) Klok.,Bărbiță deșerticolă,Magnoliopsida,Asteraceae,,, ,+, , ,,,,,C
P_183,Tragopogon dubius Scop.,Barba caprei,Magnoliopsida,Asteraceae,,, ,+, , ,,,,,C
P_184,Tragopogon orientalis L.,Bărbiță orientală,Magnoliopsida,Asteraceae,,, ,+, , ,,,,,C
P_185,Tussilago farfara L.,Podbal,Magnoliopsida,Asteraceae,,, ,+, ,+,,,,,C
P_186,Xanthium strumarium L. ,Cornuți tumefiați,Magnoliopsida,Asteraceae,,, , , , ,,,,,C
P_187,Xeranthemum annuum L.,Plevăiță anuală,Magnoliopsida,Asteraceae,,, ,+,+, ,,,,,C
P_188,Xeranthemum cylindraceum Sibth.et Sm.,Plevăiță cilindrică,Magnoliopsida,Asteraceae,,, ,+, , ,,,,,C
P_189,Impatiens noli-tangere L.,Nu-mă-atinge,Magnoliopsida,Balsaminaceae,,, +,+, , ,,,,,R
P_190,Aegonychon purpureo-caeruleum (L.) Holub.,Mărgică albăstruie,Magnoliopsida,Boraginaceae,,, +, , , ,,,,,C
P_191,Anchusa gmelinii Ledeb.,Miruță Gmelin,Magnoliopsida,Boraginaceae,,, ,+, , ,,,,,C
P_192,Anchusa officinalis L.,Miruță medicinală,Magnoliopsida,Boraginaceae,,, ,+, , ,,,,,C
P_193,Anchusa ochroleuca Bieb. ,Miruță gălbuie,Magnoliopsida,Boraginaceae,,, ,+, , ,,,,,C
P_194,Anchusa procera Bess.,Miruță zveltă,Magnoliopsida,Boraginaceae,,, ,+, , ,,,,,C
P_195,Asperugo procumbens L.,Rugozică culcată,Magnoliopsida,Boraginaceae,,, +, , , ,,,,,C
P_196,Buglossoides arvensis (L.) Johnst.,Zmeiță campestră,Magnoliopsida,Boraginaceae,,, ,+,+, ,,,,,C
P_197,Cerinthe minor L.,Cerițică mică,Magnoliopsida,Boraginaceae,,, ,+, , ,,,,,C
P_198,Cynoglossum officinale L.,Ariel medicinal,Magnoliopsida,Boraginaceae,,, ,+, , ,,,,,C
P_199,Echium vulgare L.,Viperică comună,Magnoliopsida,Boraginaceae,,, ,+, , ,,,,,C
P_200,Lappula squarrosa (Retz.) Dumort.,Turiță scvaroasă,Magnoliopsida,Boraginaceae,,, ,+, , ,,,,,C
P_201,Myosotis arvensis Hill.,Șerpeliță campestră,Magnoliopsida,Boraginaceae,,, ,+, , ,,,,,C
P_202,Myosotis caespitosa C. F. Schultz,Șerpeliță cespitoasă,Magnoliopsida,Boraginaceae,,, +, , , ,,,,,C
P_203,Myosotis micrantha Pall. ex Lehm.,Șerpeliță micrantă,Magnoliopsida,Boraginaceae,,, +,+, , ,,,,,C
P_204,Myosotis ramosissima Rochel ex Schult.,Șerpeliță ramificată,Magnoliopsida,Boraginaceae,,, +, , , ,,,,,C
P_205,Nonea rossica Steven,Nonee rusească,Magnoliopsida,Boraginaceae,,, ,+, , ,,,,,C
P_206,Nonea pulla (L.)DC.,Nonee brună,Magnoliopsida,Boraginaceae,,, ,+,+, ,,,,,C
P_207,Omphalodes scorpoides (Haenke) Schrank.,Buricar scorpioid,Magnoliopsida,Boraginaceae,,, +, , , ,,,,,C
P_208,Onosma visianii Clemennti ,Onosmă Visiani,Magnoliopsida,Boraginaceae,,, , ,+, ,,,,, R
P_209,Pulmonaria mollis Wulfen ex Hornem.,Cuscrișor moale,Magnoliopsida,Boraginaceae,,, +, , , ,,,,,C
P_210,Pulmonaria obscura Dumort.,Cuscrișor neevident,Magnoliopsida,Boraginaceae,,, +, , , ,,,,,C
P_211,Pulmonaria officinalis L.,Mierea ursului,Magnoliopsida,Boraginaceae,,, +, , , ,,,,,C
P_212,Symphytum officinale L.,Tătăneasă medicinală,Magnoliopsida,Boraginaceae,,, +, , , ,,,,,C
P_213,Symphytum tauricum Willd. ,Tătăneasă taurică,Magnoliopsida,Boraginaceae,,, +, , , ,,,,,C
P_214,Alliaria petiolata (Bieb.) Cavara et Grande,Usturoiță pețiolată,Magnoliopsida,Brassicaceae,,, +, , , ,,,,,C
P_215,Alyssum calycinum L.,Ciucușoară calicină,Magnoliopsida,Brassicaceae,,, , ,+, ,,,,,C
P_216,Alyssum gmelinii Jord.,Ciucușoară Gmelin,Magnoliopsida,Brassicaceae,,, , ,+, ,,,,, C
P_217,Allysum hirsutum M. Bieb,Ciucușoară hirsută,Magnoliopsida,Brassicaceae,,, , ,+, ,,,,,C
P_218,Alyssum minutum Schlecht. ex DC.,Ciucușoară măruntă,Magnoliopsida,Brassicaceae,,, , ,+, ,,,,,C
P_219,Alyssum murale Waldst. et Kit.,Ciucușoară murală,Magnoliopsida,Brassicaceae,,, , ,+, ,,,,,C
P_220,Alyssum rostratum Stev.,Ciucușoară rostrată,Magnoliopsida,Brassicaceae,,, , , , ,,,,,C
P_221,Arabidopsis thaliana (L.) Heynh.,Gâscăriță Tali,Magnoliopsida,Brassicaceae,,, +, , , ,,,,,C
P_222,Arabis sagittata (Bertol.) DC.,Turicea sagitată,Magnoliopsida,Brassicaceae,,, +, , , ,,,,,C
P_223,Arabis turrita L.,Turicea,Magnoliopsida,Brassicaceae,,, +, , , ,,,,,C
P_224,Aurinia saxatilis (L.) Desv.,Aurinie saxicolă,Magnoliopsida,Brassicaceae,,, , ,+, ,,,,,R
P_225,Armoracia rusticana P. Gaertn.,Hrean obișnuit,Magnoliopsida,Brassicaceae,,, , , , ,,,,,C
P_226,Barbarea vulgaris R.Br.,Crușețea comună,Magnoliopsida,Brassicaceae,,, ,+, , ,,,,,C
P_227,Berteroa incana (L.) DC.,Albiță comună,Magnoliopsida,Brassicaceae,,, ,+, , ,,,,,C
P_228,Bunias orientalis L.,Brăbin oriental,Magnoliopsida,Brassicaceae,,, +, , , ,,,,,C
P_229,Capsella bursa-pastoris (L.) Medik.,Traista ciobanului,Magnoliopsida,Brassicaceae,,, ,+, , ,,,,,C
P_230,Cardamine impatiens L.,Râjnică intolerantă,Magnoliopsida,Brassicaceae,,, +, , , ,,,,,C
P_231,Cardaria draba (L.) Desv.,Hreniță draboidă,Magnoliopsida,Brassicaceae,,, ,+, , ,,,,,C
P_232,Crambe tataria Sebeok,Hodolean tătăresc,Magnoliopsida,Brassicaceae,,, ,+, , ,,,,,RR
P_233,Dentaria bulbifera L.,Colțișor bulbifer,Magnoliopsida,Brassicaceae,,, +, , , ,,,,,C
P_234,Dentaria quinquefolia Bieb.,Colțișor pentafoliat,Magnoliopsida,Brassicaceae,,, +, , , ,,,,,RR
P_235,Descurainia sophia (L.)Webb ex Prantl,Voinicuță Sofia,Magnoliopsida,Brassicaceae,,, ,+, , ,,,,,C
P_236,Draba nemorosa L.,Flămânzică nemorală,Magnoliopsida,Brassicaceae,,, +,+, , ,,,,,C
P_237,Erophila verna (L.) Chevall.,Năpârliță vernală,Magnoliopsida,Brassicaceae,,, ,+,+, ,,,,,C
P_238,Erysimum diffusum Ehrh.,Mixandră difuză,Magnoliopsida,Brassicaceae,,, ,+, , ,,,,,C
P_239,Erysimum odoratum Ehrh.,Mixandră odorată,Magnoliopsida,Brassicaceae,,, ,+, , ,,,,,C
P_240,Hesperis tristis L.,Nopticoasă tristă,Magnoliopsida,Brassicaceae,,, +, , , ,,,,,C
P_241,Lepidium campestre (L.) R. Br.,Scvamăriță campestră,Magnoliopsida,Brassicaceae,,, ,+,+, ,,,,,C
P_242,Lepidium ruderale L.,Scvamăriță ruderală,Magnoliopsida,Brassicaceae,,, ,+, , ,,,,,C
P_243,Lunaria annua L.,Lopățea anuală,Magnoliopsida,Brassicaceae,,, +, , , ,,,,,R 
P_244,Rapistrum perenne (L.) All.,Ciurlan peren,Magnoliopsida,Brassicaceae,,, ,+, , ,,,,,C
P_245,Rorippa austriaca (Crantz) ,Gălbănea austriacă,Magnoliopsida,Brassicaceae,,, ,+, , ,,,,,C
P_246,Rorippa palustris L.,Gălbănea palustră,Magnoliopsida,Brassicaceae,,, , , ,+,,,,,C
P_247,Rorippa sylvestris (L.) Bess. ,Gălbănea silvicolă,Magnoliopsida,Brassicaceae,,, +,+, , ,,,,,C
P_248,Schivereckia podolica (Bess.) Andrz.,Șeverechie podoleană,Magnoliopsida,Brassicaceae,,, , ,+, ,,,,,RR
P_249,Sisymbrium altissimum L. ,Voinicică înaltă,Magnoliopsida,Brassicaceae,,, , , , ,,,,,C
P_250,Sisymbrium loeselii L. ,Voinicică Loesel,Magnoliopsida,Brassicaceae,,, ,+, , ,,,,,C
P_251,Sisymbrium polymorphum (Murr.) Roth,Voinicică polimorfă,Magnoliopsida,Brassicaceae,,, ,+, , ,,,,,C
P_252,Sisymbrium officinale (L.) Scop. ,Voinicică medicinală,Magnoliopsida,Brassicaceae,,, +, , , ,,,,,C
P_253,Sisymbrium strictissimum L.,Voinicică rigidă,Magnoliopsida,Brassicaceae,,, +, , , ,,,,,C
P_254,Thlaspi arvense L. ,Punguliță campestră,Magnoliopsida,Brassicaceae,,, ,+, , ,,,,,C
P_255,Turritis glabra L.,Turicel glabru,Magnoliopsida,Brassicaceae,,, +, , , ,,,,,C
P_256,Butomus umbellatus L.,Roșețea umbelată,Magnoliopsida,Butomaceae,,, , , ,+,,,,,R
P_257,Campanula glomerata L.,Clopoțel glomerat,Magnoliopsida,Campanulaceae,,, +,+, , ,,,,,C
P_258,Campanula macrostachya Waldst.et Kit.,Clopoțel macrospicat,Magnoliopsida,Campanulaceae,,, +, , , ,,,,,C
P_259,Campanula persicifolia L.,Clopoțel persicifoliu,Magnoliopsida,Campanulaceae,,, +, , , ,,,,,C
P_260,Campanula rapunculoides L.,Clopoțel rapioid,Magnoliopsida,Campanulaceae,,, +, , , ,,,,,C
P_261,Campanula rapunculus L.,Clopoțel rapiform,Magnoliopsida,Campanulaceae,,, +, , , ,,,,,C
P_262,Campanula sibirica L.,Clopoțel siberian,Magnoliopsida,Campanulaceae,,, ,+,+, ,,,,,C
P_263,Campanula trachelium L.,Clopoțel rugos,Magnoliopsida,Campanulaceae,,, +, , , ,,,,,C
P_264,Humulus lupulus L.,Hamei comun,Magnoliopsida,Cannabaceae,,, +,+, , ,,,,,C
P_265,Cannabis ruderalis Janish.,Cânepă ruderală,Magnoliopsida,Cannabaceae,,,+,+, , ,,,,,C
P_266,Sambucus ebulus L.,Boz,Magnoliopsida,Caprifoliaceae,,, +, , , ,,,,,C
P_267,Sambucus nigra L.,Soc negru,Magnoliopsida,Caprifoliaceae,,, +, , , ,,,,,C
P_268,Viburnum lantana L.,Dârmoz,Magnoliopsida,Caprifoliaceae,,, +, , , ,,,,,C
P_269,Viburnum opulus L.,Călin comun,Magnoliopsida,Caprifoliaceae,,, +, , , ,,,,,R
P_270,Gypsophila collina Steven ex Ser. ,Gipsoriță colinară,Magnoliopsida,Cariophilaceae,,, , ,+, ,,,,, R
P_271,Paronychia cephalotes (M.Bieb.) Besser,Paronichie capitată,Magnoliopsida,Cariophilaceae,,, , ,+, ,,,,,RR
P_272,Arenaria serpyllifolia L.,Studeniță serpelifolie,Magnoliopsida,Cariophilaceae,,, ,+, , ,,,,,C
P_273,Agrostemma gitchago L.,Neghină comună,Magnoliopsida,Cariophilaceae,,, ,+, , ,,,,,C
P_274,Cerastium holosteoides Fries. ,Cănăriță holosteoidă,Magnoliopsida,Cariophilaceae,,, ,+, , ,,,,,C
P_275,Cucubalus baccifer L. ,Pleșcaiță baciferă,Magnoliopsida,Cariophilaceae,,, +, , , ,,,,,C
P_276,Dianthus armeria L.,Garofiță armeroidă,Magnoliopsida,Cariophilaceae,,, ,+, , ,,,,,C
P_277,Dianthus deltoides L.,Garofiță deltoidă,Magnoliopsida,Cariophilaceae,,, ,+, , ,,,,,C
P_278,Dianthus membranaceus Borbas.,Garofiță membranacee,Magnoliopsida,Cariophilaceae,,, ,+, , ,,,,,C
P_279,Elisanthe noctiflora (L.) Willk.,Noctifloare noctifloră,Magnoliopsida,Cariophilaceae,,, +, , , ,,,,,C
P_280,Holosteum umbellatum L.,Cuișoriță umbelată,Magnoliopsida,Cariophilaceae,,, ,+, , ,,,,,C
P_281,Melandrium album (Miller) Garcke,Opaiță albă,Magnoliopsida,Cariophilaceae,,, ,+, , ,,,,,C
P_282,Minuartia setacea (Thuill.) Hayek,Mierluță setiformă,Magnoliopsida,Cariophilaceae,,, +,+, , ,,,,,C
P_283,Moehringia trinervia (L.) Clairv.,Merinană trinervată,Magnoliopsida,Cariophilaceae,,, +, , , ,,,,,C
P_284,Myosoton aquaticum (L.) Moench,Plescaiță acvatică,Magnoliopsida,Cariophilaceae,,, +, , , ,,,,,C
P_285,Silene exaltata Friv.,Cercei înalți,Magnoliopsida,Cariophilaceae,,, +, , , ,,,,,C
P_286,Saponaria officinalis L.,Săpunăriță medicinală,Magnoliopsida,Cariophilaceae,,, ,+, , ,,,,,C
P_287,Scleranthus annuus L.,Sincerică anuală,Magnoliopsida,Cariophilaceae,,, +, , , ,,,,,C
P_288,Silene chlorantha (Willd.) Ehrh.,Cercei verzui,Magnoliopsida,Cariophilaceae,,, +, , , ,,,,,C
P_289,Silene nutans L.,Cercei nutanți,Magnoliopsida,Cariophilaceae,,, +, , , ,,,,,C
P_290,Stellaria graminea L.,Rocoțel graminifoliu,Magnoliopsida,Cariophilaceae,,, +, , , ,,,,,C
P_291,Stellaria holostea L.,Steluță,Magnoliopsida,Cariophilaceae,,, +, , , ,,,,,C
P_292,Stellaria media (L.) Vill.,Rocoțel mediu,Magnoliopsida,Cariophilaceae,,, +, , , ,,,,,C
P_293,Steris viscaria (L.) Rafin.,Lipicioasă purpurie,Magnoliopsida,Cariophilaceae,,, +, , , ,,,,,C
P_294,Euonymus europaea L.,Salbă europeană,Magnoliopsida,Celastraceae,,,+,,,,,,,,C
P_295,Euonymus verrucosa  Scop.,Salbă râioasă,Magnoliopsida,Celastraceae,,,+,,,,,,,,C
P_296,Ceratophyllum demersum L.,Cosor demers,Magnoliopsida,Ceratophyllaceae,,,+,,,,,,,,C
P_297,Ceratophyllum submersum L.,Cosor submers,Magnoliopsida,Ceratophyllaceae,,,+,,,,,,,,C
P_298,Gleditsia triacanthos L.,Glădiță,Magnoliopsida,Cesalpinaceae,,,+,,,,,,,,C
P_299,Atriplex rosea L. ,Lobodă roză,Magnoliopsida,Chenopodiaceae,,, +, , , ,,,,,C
P_300,Atriplex nitens L.,Lobodă sagitată,Magnoliopsida,Chenopodiaceae,,, ,+, , ,,,,,C
P_301,Atriplex prostrata Boucher ex DC,Lobodă prostrată,Magnoliopsida,Chenopodiaceae,,, ,+, , ,,,,,C
P_302,Atriplex tatarica L. ,Lobodă tătărească,Magnoliopsida,Chenopodiaceae,,, +, , , ,,,,,C
P_303,Chenopodium album L. ,Tămâiță albă,Magnoliopsida,Chenopodiaceae,,, +,+, , ,,,,,C
P_304,Chenopodium hybridum L.,Tămâiță hibridă,Magnoliopsida,Chenopodiaceae,,, ,+, , ,,,,,C
P_305,Chenopodium urbicum L.,Tămâiță urbană,Magnoliopsida,Chenopodiaceae,,, ,+, , ,,,,,C
P_306,Helianthemum canum (L.) Hornem.,Mălăoae căruntă,Magnoliopsida,Cistaceae,,, , ,+, ,,,,,RR
P_307,Helianthemum nummularium (L.) Mill. ,Iarba osului,Magnoliopsida,Cistaceae,,, ,+,+, ,,,,, R
P_308,Calystegia sepium (L.) R. Br.,Cupa vacii,Magnoliopsida,Convolvulaceae,,, +, ,,,,,,,C
P_309,Convolvulus arvensis L.,Volbură campestră,Magnoliopsida,Convolvulaceae,,, ,+,,,,,,,C
P_310,Cornus mas L.,Corn,Magnoliopsida,Cornaceae,,, +,,,,,,,,C
P_311,Swida sanguinea (L.) Opiz.,Sânger,Magnoliopsida,Cornaceae,,, +,,,,,,,,C
P_312,Carpinus betulus L.,Carpen,Magnoliopsida,Corylaceae,,, +,,,,,,,,C
P_313,Corylus avellana L.,Alun,Magnoliopsida,Corylaceae,,, +,,,,,,,,C
P_314,Sedum acre L.,Șoaldină acră,Magnoliopsida,Crassulaceae,,, , ,+, ,,,,,C
P_315,Sedum maximum (L.) Hoffm.,Șoaldină maximă,Magnoliopsida,Crassulaceae,,, +, , , ,,,,,R
P_316,Sedum sexangulare  L.,Șoaldină hexagonală,Magnoliopsida,Crassulaceae,,, , ,+, ,,,,,C
P_317,Sempervivum ruthenicum (W. D. J. Koch) Schnittsp. et C.B.Lehm,Nevăstuică rusească,Magnoliopsida,Crassulaceae,,, , ,+, ,,,,,RR 
P_318,Bryonia alba L.,Mutătoare albă,Magnoliopsida,Cucurbitaceae,,, +, , , ,,,,,C
P_319,Echinocystis lobata (Michx.) Torrey et A. Gray,Bostanaș lobat,Magnoliopsida,Cucurbitaceae,,, +, , , ,,,,,C
P_320,Cuscuta europaea L.,Torțel european,Magnoliopsida,Cuscutaceae,,, ,+,,,,,,,C
P_321,Cuscuta campestris Yunck.,Torțel campestru,Magnoliopsida,Cuscutaceae,,, ,+,,,,,,,C
P_322,Bolboschoenus maritimus (L.) Palla,Pipirig maritim,Magnoliopsida,Cyperaceae,,, , , ,+,,,,,C
P_323,Carex acutiformis Ehrh.,Rogoz acutiform,Magnoliopsida,Cyperaceae,,, +, , , ,,,,,C
P_324,Carex brevicollis DC.,Rogoz brevicolat,Magnoliopsida,Cyperaceae,,, +, , , ,,,,,C
P_325,Carex contigua Hoppe,Rogoz adiacent,Magnoliopsida,Cyperaceae,,, +, , , ,,,,,C
P_326,Carex digitata L.,Rogoz digitat,Magnoliopsida,Cyperaceae,,, +, , , ,,,,,C
P_327,Carex distans L.,Rogoz distanțat,Magnoliopsida,Cyperaceae,,, +, , , ,,,,,C
P_328,Carex  hirta L.,Rogoz hirt,Magnoliopsida,Cyperaceae,,, ,+, , ,,,,,C
P_329,Carex melanostachya Bieb. Ex Willd,Rogoz melanospiculat,Magnoliopsida,Cyperaceae,,, +, , , ,,,,,C
P_330,Carex michellii Host.,Rogoz Micheli,Magnoliopsida,Cyperaceae,,, +, , , ,,,,,C
P_331,Carex montana L. ,Rogoz montan,Magnoliopsida,Cyperaceae,,, +, , , ,,,,,C
P_332,Carex otrubae Podp.,Rogoz otrub,Magnoliopsida,Cyperaceae,,, +, , , ,,,,,C
P_333,Carex pilosa Scop.,Rogoz pilos,Magnoliopsida,Cyperaceae,,, +, , , ,,,,,C
P_334,Carex praecox Schreb.,Rogoz precoce,Magnoliopsida,Cyperaceae,,, +, , , ,,,,,C
P_335,Carex riparia Curt.,Rogoz riveran,Magnoliopsida,Cyperaceae,,, ,+, , ,,,,,C
P_336,Carex sylvatica Huds.,Rogoz silvatic,Magnoliopsida,Cyperaceae,,, +, , , ,,,,,C
P_337,Carex stenophylla Wahlenb.,Rogoz angustifoliu,Magnoliopsida,Cyperaceae,,, +, , , ,,,,,C
P_338,Carex vulpina L.,Rogoz vulpariu,Magnoliopsida,Cyperaceae,,, ,+, , ,,,,,C
P_339,Eleocharis palustris (L.) Roem. et Schult,Pipiriguț palustru,Magnoliopsida,Cyperaceae,,, , , ,+,,,,,C
P_340,Scirpus sylvaticus L.,Țipirig silvatic,Magnoliopsida,Cyperaceae,,, +, , , ,,,,,C
P_341,Dipsacus fullonum L.,Varga ciobanului,Magnoliopsida,Dipsacaceae,,, ,+,,,,,,,C
P_342,Dipsacus laciniatus L.,Scăiuș laciniat,Magnoliopsida,Dipsacaceae,,, ,+,,,,,,,C
P_343,Dipsacus pilosus L.,Scăiuș păros,Magnoliopsida,Dipsacaceae,,, ,+,,,,,,,C
P_344,Cephalaria transylvanica (L.)Roem,Sipică transilvăneană,Magnoliopsida,Dipsacaceae,,, ,+,,,,,,,C
P_345,Knautia arvensis (L.) Coult.,Călugăraș campestru,Magnoliopsida,Dipsacaceae,,, ,+,,,,,,,C
P_346,Scabiosa ochroleuca L.,Văduvele galbene,Magnoliopsida,Dipsacaceae,,, ,+,,,,,,,C
P_347,Elaeagnus angustifolia L.,Sălcioară mirositoare,Magnoliopsida,Elaeagnaceae,,,,,,,,,,,C
P_348,Euphorbia agraria Bieb.,Alior agrar,Magnoliopsida,Euphorbiaceae,,, ,+,+, ,,,,,C
P_349,Euphorbia amygdaloides L.,Alior amigdaloid,Magnoliopsida,Euphorbiaceae,,, +,+, , ,,,,,C
P_350,Euphorbia esula L.,Laptele câinelui,Magnoliopsida,Euphorbiaceae,,, ,+, , ,,,,,C
P_351,Euphorbia falcata L.,Alior falcat,Magnoliopsida,Euphorbiaceae,,, ,+, , ,,,,,C
P_352,Euphorbia helioscopia L.,Alior helioscopic,Magnoliopsida,Euphorbiaceae,,, ,+, , ,,,,,C
P_353,Euphorbia platyphyllos L.,Alior macrofil,Magnoliopsida,Euphorbiaceae,,, ,+, , ,,,,,C
P_354,Euphorbia stepposa Zoz.,Alior stepic,Magnoliopsida,Euphorbiaceae,,, ,+,+, ,,,,,C
P_355,Mercurialis perennis L.,Brei peren,Magnoliopsida,Euphorbiaceae,,, +, , , ,,,,,C
P_356,Astragalus albidus Waldst. et Kit.,Coșaci alburiu,Magnoliopsida,Fabaceae,,, ,+, , ,,,,,R
P_357,Astragalus austriacus Jasq.,Coșaci austriac,Magnoliopsida,Fabaceae,,, ,+, , ,,,,,C
P_358,Astragalus cicer L.,Coșaci năutiu,Magnoliopsida,Fabaceae,,, ,+, , ,,,,,C
P_359,Astragalus corniculatus,Coșaci corniculat,Magnoliopsida,Fabaceae,,, ,+, , ,,,,,C
P_360,Astragalus dasyanthus Pall.,Zăvăcustă,Magnoliopsida,Fabaceae,,, , , , ,,,,,R
P_361,Astragalus glycyphyllos L.,Coșaci glicifil,Magnoliopsida,Fabaceae,,, +,+, , ,,,,,C
P_362,Astragalus onobrychis L.,Unghia găii,Magnoliopsida,Fabaceae,,, ,+, , ,,,,,C
P_363,Astragalus ponticus Pall.,Coșaci pontic,Magnoliopsida,Fabaceae,,, ,+, , ,,,,,C
P_364,Astragalus pubiflorus D.C.,Coșaci pubiflor,Magnoliopsida,Fabaceae,,, ,+, , ,,,,,R
P_365,Caragana frutex (L.)C.Koch,Salcâmaș pitic,Magnoliopsida,Fabaceae,,, ,+,+, ,,,,,C
P_366,Chamaecytisus austriacus (L.) Link,Drob austriac,Magnoliopsida,Fabaceae,,, ,+,+, ,,,,,C
P_367,Coronilla varia L.,Coroniște variată,Magnoliopsida,Fabaceae,,, +,+, , ,,,,,C
P_368,Dorycnium herbaceum Vill.,Sulițică ierbacee,Magnoliopsida,Fabaceae,,, ,+, , ,,,,,C
P_369,Galega officinalis L.,Ciumărea medicinală,Magnoliopsida,Fabaceae,,, ,+, , ,,,,,C
P_370,Genista tetragona Besser,Drobișor tetramuchiat,Magnoliopsida,Fabaceae,,, , ,+, ,,,,,RR
P_371,Glycyrrhiza echinata L. ,Reglisă echinată,Magnoliopsida,Fabaceae,,, +, , , ,,,,,C
P_372,Lathyrus aureus (Stev.) Brandza ,Linte aurie,Magnoliopsida,Fabaceae,,, +, , , ,,,,,C
P_373,Lathyrus hirsutus L.,Linte hirsută,Magnoliopsida,Fabaceae,,, ,+, , ,,,,,C
P_374,Lathyrus niger (L.) Bernh.,Linte neagră,Magnoliopsida,Fabaceae,,, +, , , ,,,,,C
P_375,Lathyrus nissolia L.,Linte graminifolie,Magnoliopsida,Fabaceae,,, ,+, , ,,,,,C
P_376,Lathyrus pannonicus (Jacq.),Linte panoniană,Magnoliopsida,Fabaceae,,, +, , , ,,,,,C
P_377,Lathyrus pratensis L.,Linte praticolă,Magnoliopsida,Fabaceae,,, ,+, , ,,,,,C
P_378,Lathyrus sylvestris L.,Linte silvicolă,Magnoliopsida,Fabaceae,,, +, , , ,,,,,C
P_379,Lathyrus tuberosus L.,Linte tuberoasă,Magnoliopsida,Fabaceae,,, ,+, , ,,,,,C
P_380,Lathyrus venetus (Miller) Wohlf.,Linte azurie,Magnoliopsida,Fabaceae,,, +, , , ,,,,,C
P_381,Lathyrus vernus (L.) Bernh,Linte vernală,Magnoliopsida,Fabaceae,,, +, , , ,,,,,C
P_382,Lotus corniculatus L.,Ghizdei corniculat,Magnoliopsida,Fabaceae,,, ,+, , ,,,,,C
P_383,Lotus tenuis Waldst et Kit. ex Willd.,Ghizdei subțire,Magnoliopsida,Fabaceae,,, +, , , ,,,,,C
P_384,Medicago falcata L.,Lucernă falcată,Magnoliopsida,Fabaceae,,, ,+, , ,,,,,C
P_385,Medicago lupulina L.,Lucerna lupului,Magnoliopsida,Fabaceae,,, ,+, , ,,,,,C
P_386,Medicago romanica Prod.,Lucernă română,Magnoliopsida,Fabaceae,,, ,+, , ,,,,,C
P_387,Medicago minima (L.) Bartalini,Lucernă minimă,Magnoliopsida,Fabaceae,,, ,+, , ,,,,,C
P_388,Medicago sativa L.,Lucernă cultivată,Magnoliopsida,Fabaceae,,, ,+, , ,,,,,C
P_389,Melilotus albus Medik,Sulfină albă,Magnoliopsida,Fabaceae,,, +,+, , ,,,,,C
P_390,Melilotus officinalis (L.) Pall.,Sulfină medicinală,Magnoliopsida,Fabaceae,,, +,+, , ,,,,,C
P_391,Onobrychis arenaria (Kit.) DC.,Sparcetă arenicolă,Magnoliopsida,Fabaceae,,, ,+, , ,,,,,C
P_392,Onobrychis viciifolia Scop.,Sparcetă viciefolie,Magnoliopsida,Fabaceae,,,+ ,+, , ,,,,,C
P_393,Ononis arvensis L.,Lingoare campestră,Magnoliopsida,Fabaceae,,, ,+, , ,,,,,C
P_394,Ononis spinosa L.,Lingoare spinoasă,Magnoliopsida,Fabaceae,,, ,+, , ,,,,,C
P_395,Robinia pseudoacacia L.,Salcâm ,Magnoliopsida,Fabaceae,,, +, , , ,,,,,C
P_396,Trifolium alpestre L.,Trifoi alpin,Magnoliopsida,Fabaceae,,, ,+, , ,,,,,C
P_397,Trifolium arvense L.,Papanași,Magnoliopsida,Fabaceae,,, ,+, , ,,,,,C
P_398,Trifolium aureum Poll.,Auraș,Magnoliopsida,Fabaceae,,, ,+, , ,,,,,C
P_399,Trifolium campestre Schreb.,Trifoi campestru,Magnoliopsida,Fabaceae,,, ,+, , ,,,,,C
P_400,Trifolium dubium Sm.,Trifoi dubios,Magnoliopsida,Fabaceae,,, ,+, , ,,,,,C
P_401,Trifolium fragiferum L. ,Trifoi fragifer,Magnoliopsida,Fabaceae,,, ,+, , ,,,,,C
P_402,Trifolium hybridum L.,Trifoi hibrid,Magnoliopsida,Fabaceae,,, ,+, , ,,,,,C
P_403,Trifolium medium L.,Trifoi mediu,Magnoliopsida,Fabaceae,,, ,+, , ,,,,,C
P_404,Trifolium montanum L.,Trifoi montan,Magnoliopsida,Fabaceae,,, ,+, , ,,,,,C
P_405,Trifolium ochroleucon Huds.,Trifoi alb-gălbui,Magnoliopsida,Fabaceae,,, ,+, , ,,,,,C
P_406,Trifolium pratense L.,Trifoi praticol,Magnoliopsida,Fabaceae,,, ,+, , ,,,,,C
P_407,Trifolium repens L.,Trifoi repent,Magnoliopsida,Fabaceae,,, ,+, , ,,,,,C
P_408,Trigonella procumbens (Bess.) Reichneb.,Molotru procumbent,Magnoliopsida,Fabaceae,,, ,+, , ,,,,,C
P_409,Trigonella monspeliaca L.,Molotru pitic,Magnoliopsida,Fabaceae,,, ,+, , ,,,,,C
P_410,Vicia angustifolia Reichard,Măzăriche angustifolie,Magnoliopsida,Fabaceae,,, ,+, , ,,,,,C
P_411,Vicia cracca L.,Bobușor păsăresc,Magnoliopsida,Fabaceae,,, ,+, , ,,,,,C
P_412,Vicia dumetorum L. ,Măzăriche-de-crâng,Magnoliopsida,Fabaceae,,, +, , , ,,,,,C
P_413,Vicia grandiflora Scop.,Măzăriche grandifloră,Magnoliopsida,Fabaceae,,, +, , , ,,,,,C
P_414,Vicia hirsuta (L.) S.F. Gray,Cosiță,Magnoliopsida,Fabaceae,,, ,+, , ,,,,,C
P_415,Vicia pannonica Crantz.,Borceag,Magnoliopsida,Fabaceae,,, +, , , ,,,,,C
P_416,Vicia sativa L.,Măzăriche cultivată,Magnoliopsida,Fabaceae,,, ,+, , ,,,,,C
P_417,Vicia sepium L.,Măzăriche brun-închisă,Magnoliopsida,Fabaceae,,, ,+, , ,,,,,C
P_418,Vicia sylvatica L.,Măzăriche silvicolă,Magnoliopsida,Fabaceae,,, +, , , ,,,,,C
P_419,Vicia tenuifolia Roth.,Măzăriche tenuifolie,Magnoliopsida,Fabaceae,,, ,+, , ,,,,,C
P_420,Vicia tetrasperma (L.) Schreb.,Măzăriche tetraspermă,Magnoliopsida,Fabaceae,,, ,+, , ,,,,,C
P_421,Vicia villosa Roth,Măzăriche lânoasă,Magnoliopsida,Fabaceae,,, ,+, , ,,,,,C
P_422,Quercus pubescens Willd. ,Stejar pufos,Magnoliopsida,Fagaceae,,, +, ,+, ,,,,,C
P_423,Quercus petraea (Mattuschka) Liebl.,Gorun,Magnoliopsida,Fagaceae,,, +, , , ,,,,,C
P_424,Quercus robur L.,Stejar pedunculat,Magnoliopsida,Fagaceae,,, +, , , ,,,,,C
P_425,Corydalis cava (L.) Schweigg et Korte,Brebenel găunos,Magnoliopsida,Fumariaceae,,, +, ,,,,,,,C
P_426,Corydalis marschalliana pers.,Brebenel Marșal,Magnoliopsida,Fumariaceae,,, +, ,,,,,,,C
P_427,Corydalis solida (L.) Clairv.,Brebenel plin,Magnoliopsida,Fumariaceae,,, +, ,,,,,,,C
P_428,Fumaria schleicheri Soy. Wiilem.,Fumăriță Șleicher,Magnoliopsida,Fumariaceae,,, +, ,,,,,,,C
P_429,Centaurium erythraea Rafn,Frigurică roșie,Magnoliopsida,Gentianaceae,,, ,+, , ,,,,,C
P_430,Centaurium  pulchellum (Sw.) Druce,Frigurică frumoasă,Magnoliopsida,Gentianaceae,,, ,+, , ,,,,,C
P_431,Gentiana cruciata L.,Ghințură cruciată,Magnoliopsida,Gentianaceae,,, ,+, , ,,,,,R
P_432,Erodium cicutarium L.,Priboi cicutifoliu,Magnoliopsida,Geraniaceae,,, +,+, , ,,,,,C
P_433,Geranium collinum Stephan,Geraniu colinar,Magnoliopsida,Geraniaceae,,, ,+, , ,,,,,C
P_434,Geranium columbinum L.,Geraniu columbin,Magnoliopsida,Geraniaceae,,, +, , , ,,,,,C
P_435,Geranium dissectum L.,Geraniu dispicat,Magnoliopsida,Geraniaceae,,, ,+, , ,,,,,C
P_436,Geranium palustre L.,Geraniu palustru,Magnoliopsida,Geraniaceae,,, , , ,+,,,,,C
P_437,Geranium phaeum L.,Geraniu brun-roșcat,Magnoliopsida,Geraniaceae,,, +, , , ,,,,,C
P_438,Geranium pratense L.,Geraniu praticol,Magnoliopsida,Geraniaceae,,, +, , , ,,,,,C
P_439,Geranium pussilum L.,Geraniu minuscul,Magnoliopsida,Geraniaceae,,, ,+, , ,,,,,C
P_440,Geranium robertianum L.,Geraniu Robert,Magnoliopsida,Geraniaceae,,, +, , , ,,,,,C
P_441,Geranium sanguineum L.,Geraniu sanguineu,Magnoliopsida,Geraniaceae,,, +, , , ,,,,,C
P_442,Myriophyllum spicatum L.,Prâsnel spicat,Magnoliopsida,Haloragaceae,,,+,,,,,,,,C
P_443,Hyacinthella leucophaea (K. Koch) Schur ,Zambilă albicioasă,Magnoliopsida,Hyacinthaceae,,, , ,+, ,,,,,R
P_444,Ornithogalum boucheanum (Kunth) Asch.,Lușcă,Magnoliopsida,Hyacinthaceae,,, ,+, , ,,,,,RR
P_445,Hypericum hirsutum L.,Sunătoare hirsută,Magnoliopsida,Hypericaceae,,, ,+, , ,,,,,C
P_446,Hypericum perforatum L.,Sunătoare perforată,Magnoliopsida,Hypericaceae,,,,+,,,,,,,C
P_447,Hypericum elegans Steph,Sunătoare elegantă,Magnoliopsida,Hypericaceae,,,,+,,,,,,,C
P_448,Crocus reticulatus Stev. ex Adam.,Șofrănel reticulat,Magnoliopsida,Iridaceae,,, ,+,+, ,,,,,R
P_449,Iris aphylla L.,Stânjenel afil,Magnoliopsida,Iridaceae,,, +, , , ,,,,,R
P_450,Iris graminea L.,Stânjenel gramineu,Magnoliopsida,Iridaceae,,, ,+, , ,,,,,C
P_451,Iris halophila Pall.,Stânjenel halofil,Magnoliopsida,Iridaceae,,, ,+, , ,,,,,C
P_452,Iris pseudacorus L.,Stânjenel galben,Magnoliopsida,Iridaceae,,, , , ,+,,,,,C
P_453,Iris pumila L. ,Stânjenel scund,Magnoliopsida,Iridaceae,,, , ,+, ,,,,,C
P_454,Iris variegata L.,Stânjenel vărgat,Magnoliopsida,Iridaceae,,, ,+,+, ,,,,,R
P_455,Juncus articulatus L.,Rugină articulată,Magnoliopsida,Juncaceae,,, +,,,,,,,,C
P_456,Juncus compressus Jacq.,Rugină turtită,Magnoliopsida,Juncaceae,,, +,,,,,,,,C
P_457,Juncus effusus L. ,Rugină extinsă,Magnoliopsida,Juncaceae,,, +,,,,,,,,C
P_458,Juncus gerardii Loisel.,Rugină Gerard,Magnoliopsida,Juncaceae,,, +,,,,,,,,C
P_459,Juncus inflexus L.,Rugină inflectă,Magnoliopsida,Juncaceae,,, +,,,,,,,,C
P_460,Acinos arvensis (Lam.) Dandy,Izmușoară campestră,Magnoliopsida,Lamiaceae,,, ,+, , ,,,,,C
P_461,Ajuga genevensis L.,Suliman,Magnoliopsida,Lamiaceae,,, +,+, , ,,,,,C
P_462,Ajuga laxmanii (L.) Benth.,Vinețică Laxman,Magnoliopsida,Lamiaceae,,, ,+,+, ,,,,,C
P_463,Ajuga reptans L.,Vinețică repentă,Magnoliopsida,Lamiaceae,,, ,+, , ,,,,,C
P_464,Ballota nigra L.,Cătușă neagră,Magnoliopsida,Lamiaceae,,, +, , , ,,,,,C
P_465,Betonica officinalis L.,Crețișor medicinal,Magnoliopsida,Lamiaceae,,, ,+, , ,,,,,C
P_466,Clinopodium vulgare L.,Calapăr comun,Magnoliopsida,Lamiaceae,,, ,+, , ,,,,,C
P_467,Galeobdolon luteum Huds.,Gălbiniță,Magnoliopsida,Lamiaceae,,, +, , , ,,,,,C
P_468,Galeopsis bifida Boenn.,Tăpoșnic bifidat,Magnoliopsida,Lamiaceae,,, +, , , ,,,,,C
P_469,Galeopsis ladanum L.,Tăpoșnic,Magnoliopsida,Lamiaceae,,, +, , , ,,,,,C
P_470,Galeopsis speciosa Mill.,Tăpoșnic frumos,Magnoliopsida,Lamiaceae,,, +, , , ,,,,,C
P_471,Glechoma hederacea L.,Silnic,Magnoliopsida,Lamiaceae,,, +,+, , ,,,,,C
P_472,Glechoma hirsuta Waldst et Kit.,Rărunchioară hirsută,Magnoliopsida,Lamiaceae,,, +, , , ,,,,,C
P_473,Lamium album L.,Sugel alb,Magnoliopsida,Lamiaceae,,, ,+, , ,,,,,C
P_474,Lamium amplexicaule L.,Sugel amplexicaul,Magnoliopsida,Lamiaceae,,, ,+, , ,,,,,C
P_475,Lamium maculatum L.,Sugel pătat,Magnoliopsida,Lamiaceae,,, +, , , ,,,,,C
P_476,Lamium purpureum L.,Sugel purpuriu,Magnoliopsida,Lamiaceae,,, ,+, , ,,,,,C
P_477,Leonurus cardiaca L.,Talpa gâștei,Magnoliopsida,Lamiaceae,,, ,+, , ,,,,,C
P_478,Leonorus quinquelobatum Gilib.,Somnișor pentalobat,Magnoliopsida,Lamiaceae,,, ,+, , ,,,,,C
P_479,Lycopus europaeus L.,Cervană europeană,Magnoliopsida,Lamiaceae,,, +, , , ,,,,,C
P_480,Lycopus exaltatus L. ,Cervană înaltă,Magnoliopsida,Lamiaceae,,, ,+, , ,,,,,C
P_481,Marrubium praecox Janka,Unguraș precoce,Magnoliopsida,Lamiaceae,,, ,+, , ,,,,,C
P_482,Marubium peregrinum L.,Unguraș străin,Magnoliopsida,Lamiaceae,,, +, , , ,,,,,C
P_483,Mentha aquatica L.,Mentă acvatică,Magnoliopsida,Lamiaceae,,, +, , ,+,,,,,C
P_484,Mentha arvensis L.,Mentă campestră,Magnoliopsida,Lamiaceae,,, +,+, , ,,,,,C
P_485,Mentha longifolia L.,Mentă longifolie,Magnoliopsida,Lamiaceae,,, ,+, , ,,,,,C
P_486,Mentha spicata L.,Mentă spicată,Magnoliopsida,Lamiaceae,,, ,+, , ,,,,,C
P_487,Mentha verticillata L.,Mentă verticilată,Magnoliopsida,Lamiaceae,,, ,+, , ,,,,,C
P_488,Nepeta pannonica L.,Cătușnică panoniană,Magnoliopsida,Lamiaceae,,, ,+, , ,,,,,C
P_489,Origanum vulgare L.,Sovârv comun,Magnoliopsida,Lamiaceae,,, +,+, , ,,,,,C
P_490,Phlomis pungens Willd.,Scorogoi pungent,Magnoliopsida,Lamiaceae,,, ,+, , ,,,,,C
P_491,Phlomis tuberosa L.,Scorogoi tuberos,Magnoliopsida,Lamiaceae,,, ,+, , ,,,,,C
P_492,Prunella grandiflora L.,Șopârliță grandifloră,Magnoliopsida,Lamiaceae,,, ,+, , ,,,,,C
P_493,Prunella laciniata (L.) L.,Șopârliță laciniată,Magnoliopsida,Lamiaceae,,, ,+, , ,,,,,C
P_494,Prunella vulgaris L.,Șopârliță comună,Magnoliopsida,Lamiaceae,,, ,+,+, ,,,,,C
P_495,Salvia aethiopis L.,Șerlai,Magnoliopsida,Lamiaceae,,, ,+, , ,,,,,C
P_496,Salvia austriaca Jasq.,Salvie austriacă,Magnoliopsida,Lamiaceae,,, ,+, , ,,,,,C
P_497,Salvia dumetorum  Andrz.,Salvie-de-crâng,Magnoliopsida,Lamiaceae,,, +, , , ,,,,,C
P_498,Salvia glutinosa L.,Cinsteț,Magnoliopsida,Lamiaceae,,, +, , , ,,,,,C
P_499,Salvia nemorosa L.,Corovatică,Magnoliopsida,Lamiaceae,,, ,+, , ,,,,,C
P_500,Salvia nutans L.,Salvie nutantă,Magnoliopsida,Lamiaceae,,, ,+, , ,,,,,C
P_501,Salvia pratensis L.,Salvie praticolă,Magnoliopsida,Lamiaceae,,, ,+, , ,,,,,C
P_502,Salvia verticillata L.,Salvie verticilată,Magnoliopsida,Lamiaceae,,, ,+, , ,,,,,C
P_503,Scutellaria altissisima L.,Gluguță înaltă,Magnoliopsida,Lamiaceae,,, +,+, , ,,,,,C
P_504,Scutellaria galericulata L.,Gluguță comună,Magnoliopsida,Lamiaceae,,, +, , , ,,,,,C
P_505,Sideritis comosa L.,Încheietoare moțată,Magnoliopsida,Lamiaceae,,, ,+, , ,,,,,C
P_506,Sideritis montana L. ,Încheietoare montană,Magnoliopsida,Lamiaceae,,, ,+,+, ,,,,,C
P_507,Stachys annua (L.) L.,Jaleș anual,Magnoliopsida,Lamiaceae,,, ,+,+, ,,,,,C
P_508,Stachys germanica L.,Jaleș german,Magnoliopsida,Lamiaceae,,, ,+, , ,,,,,C
P_509,Stachys palustris L.,Jaleș palustru,Magnoliopsida,Lamiaceae,,, , , ,+,,,,,C
P_510,Stachys officinalis (L.)Trev.,Jaleș medicinal,Magnoliopsida,Lamiaceae,,, ,+, , ,,,,,C
P_511,Stachys recta L.,Jaleș erect,Magnoliopsida,Lamiaceae,,, ,+, , ,,,,,C
P_512,Stachys sylvatica L.,Jaleș silvatic,Magnoliopsida,Lamiaceae,,, +, , , ,,,,,C
P_513,Teucrium chamaedrys L.,Jugărel comun,Magnoliopsida,Lamiaceae,,, ,+, , ,,,,,C
P_514,Teucrium montanum L. ,Jugărel montan,Magnoliopsida,Lamiaceae,,, ,+,+, ,,,,,C
P_515,Teucrium polium L.,Jugărel cenușiu,Magnoliopsida,Lamiaceae,,, ,+,+, ,,,,,C
P_516,Thymus marschallianus Willd.,Cimbru Marșal,Magnoliopsida,Lamiaceae,,, ,+,+, ,,,,,C
P_517,Thymus moldavicus Klokov & Des.-Shost,Cimbru moldovenesc,Magnoliopsida,Lamiaceae,,, ,+,+, ,,,,,C
P_518,Lemna minor L.,Lentiță minoră,Magnoliopsida,Lemnaceae,,, , , ,+,,,,,C
P_519,Lemna trisulca L.,Lentiță trisulcată,Magnoliopsida,Lemnaceae,,, , , ,+,,,,,C
P_520,Anthericum ramosum L.,Liliuță rămuroasă,Magnoliopsida,Liliaceae,,, , ,+, ,,,,,R
P_521,Convallaria majalis L.,Lăcrămioară,Magnoliopsida,Liliaceae,,, +, , , ,,,,,R
P_522,Fritillaria montana Hoppe ex W.D.J. Koch ,Bibilică montană,Magnoliopsida,Liliaceae,,, +, , , ,,,,,RR
P_523,Gagea erubescens (Besser) Schult. & Schult. F.,Scânteiuță roșcată,Magnoliopsida,Liliaceae,,, +, , , ,,,,,C
P_524,Gagea lutea (L.) Ker-Gawl.,Scânteiuță galbenă,Magnoliopsida,Liliaceae,,, +, , , ,,,,,C
P_525,Gagea minima  (L.) Ker-Gawl.,Scânteiuță minimă,Magnoliopsida,Liliaceae,,, +, , , ,,,,,C
P_526,Gagea pratensis (Pers.) Dumort.,Scânteiuță praticolă,Magnoliopsida,Liliaceae,,, +, , , ,,,,,C
P_527,Gagea pusilla Schult.et Schult. fil.,Scânteiuță pitică,Magnoliopsida,Liliaceae,,, +, , , ,,,,,C
P_528,Gagea villosa (M Bieb) Duby,Scânteiuță viloasă,Magnoliopsida,Liliaceae,,, +, , , ,,,,,C
P_529,Leopoldia tenuiflora Heldr.,Leopoldie tenuifolie,Magnoliopsida,Liliaceae,,, +, , , ,,,,,C
P_530,Lilium martagon L.,Crin silvicol,Magnoliopsida,Liliaceae,,, +, , , ,,,,,R
P_531,Majanthemum bifolium F.W. Schmidt,Umbrăvioară bifolie,Magnoliopsida,Liliaceae,,, +, , , ,,,,,RR
P_532,Muscari neglectum Guss.,Muscăriță neglijată,Magnoliopsida,Liliaceae,,, , ,+, ,,,,,C
P_533,Paris quadrifolia L.,Dalac tetrafoliat,Magnoliopsida,Liliaceae,,, +, , , ,,,,,R
P_534,Polygonatum latifolium Desf.,Cerceluș hirt,Magnoliopsida,Liliaceae,,, +, , , ,,,,,C
P_535,Polygonatum multiflorum (L.) All.,Cerceluș multiflor,Magnoliopsida,Liliaceae,,, +, , , ,,,,,C
P_536,Polygonatum odoratum (Mill.) Druce,Cerceluș odorant,Magnoliopsida,Liliaceae,,, +, , , ,,,,,C
P_537,Scilla bifolia L.,Viorele bifoliate,Magnoliopsida,Liliaceae,,, +, , , ,,,,,C
P_538,Tulipa biebersteiniana Schult. et Schult. fil.,Lalea Bieberștein,Magnoliopsida,Liliaceae,,, +, , , ,,,,,R
P_539,Veratrum nigrum L.,Strigoaie neagră,Magnoliopsida,Liliaceae,,, +, , , ,,,,,R
P_540,Linum austriacum L. ,In austriac,Magnoliopsida, Linaceae,,, ,+, , ,,,,,C
P_541,Linum hirsutum L.,In hirsutum,Magnoliopsida, Linaceae,,, ,+, , ,,,,,C
P_542,Linum tauricum Willd. ,In tauric,Magnoliopsida, Linaceae,,, , ,+, ,,,,, R
P_543,Loranthus europaeus Jacq.,Mărgăritar european,Magnoliopsida, Loranthaceae,,, +,,,,,,,,C
P_544,Viscum album L.,Vâsc alb,Magnoliopsida, Loranthaceae,,, +,,,,,,,,C
P_545,Lythrum salicaria L.,Răchitan salicifoliu,Magnoliopsida,Lythraceae,,, ,+, ,+,,,,,C
P_546,Althaea cannabiana L.,Camileac,Magnoliopsida,Malvaceae,,, ,+, , ,,,,,C
P_547,Althaea officinalis L.,Rujă medicinală,Magnoliopsida,Malvaceae,,, ,+, , ,,,,,C
P_548,Hibiscus trionum L. ,Zămoșică ternată,Magnoliopsida,Malvaceae,,, ,+, , ,,,,,C
P_549,Lavathera thuringiaca L.,Nalba câinelui,Magnoliopsida,Malvaceae,,, ,+, , ,,,,,C
P_550,Malva pusilla Sm ,Colăcei mărunți,Magnoliopsida,Malvaceae,,, ,+, , ,,,,,C
P_551,Malva sylvestris L.,Colăcei silvicoli,Magnoliopsida,Malvaceae,,, +, , , ,,,,,C
P_552,Fraxinus excelsior L.,Frasin înalt,Magnoliopsida,Oleaceae,,, +, ,,,,,,,C
P_553,Fraxinus ornus L.,Mojdrean,Magnoliopsida,Oleaceae,,,+, ,,,,,,,C
P_554,Ligustrum vulgare L.,Lemn câinesc,Magnoliopsida,Oleaceae,,,+, ,,,,,,,C
P_555,Circaea lutetiana L.,Vrăjitoare pariziană,Magnoliopsida,Onagraceae,,, +, ,,,,,,,C
P_556,Chamaenerion angustifolium (L.) Scop.,Răscoage angustifolie,Magnoliopsida,Onagraceae,,, ,+,,,,,,,C
P_557,Epilobium hirsutum L.,Pufuliță hirsută,Magnoliopsida,Onagraceae,,, +, ,,,,,,,C
P_558,Epilobium montanum L.,Pufuliță montană,Magnoliopsida,Onagraceae,,, +, ,,,,,,,C
P_559,Epilobium parviflorum Schreber,Pufuliță microfloră,Magnoliopsida,Onagraceae,,, +, ,,,,,,,C
P_560,Epilobium tetragonum L.  ,Pufuliță tetraunghiulară,Magnoliopsida,Onagraceae,,, +, ,,,,,,,C
P_561,Oenothera biennis L.,Luminiță bienală,Magnoliopsida,Onagraceae,,, +, ,,,,,,,C
P_562,Cephalanthera damasonium (Mill.) Druce  ,Căpșuniță grandifloră,Magnoliopsida,Orchidaceae,,, +, , , ,,,,,RR
P_563,Cephalanthera longifolia (L.) Fritsch,Căpșuniță longifolie,Magnoliopsida,Orchidaceae,,, +, , , ,,,,,RR
P_564,Cephalanthera rubra (L.) Rich.,Căpșuniță roșie,Magnoliopsida,Orchidaceae,,, +, , , ,,,,,RR
P_565,Cypripedium calceolus L.,Papucul doamnei,Magnoliopsida,Orchidaceae,,, +, , , ,,,,,RR
P_566,Epipactis atrorubens (Hoffm.) Bess.,Dumbrăviță roșcată,Magnoliopsida,Orchidaceae,,, +, , , ,,,,,RR
P_567,Epipactis helleborine ( L.) Crantz,Dumbrăviță heleboroidă,Magnoliopsida,Orchidaceae,,, +, , , ,,,,,R
P_568,Epipactis purpurata Smith.,Dumbrăviță purpurie,Magnoliopsida,Orchidaceae,,, +, , , ,,,,,RR
P_569,Listera ovata  (L.) R. Br.,Buhăeș ovat,Magnoliopsida,Orchidaceae,,, +, , , ,,,,,RR
P_570,Neottia nidus-avis (L.) Rich,Cuibul pământului,Magnoliopsida,Orchidaceae,,, +, , , ,,,,,R
P_571,Orchis purpurea Huds,Poroinic purpuriu,Magnoliopsida,Orchidaceae,,, ,+, , ,,,,,R
P_572,Platanthera bifolia (L.) Rich,Stupiniță bifolie,Magnoliopsida,Orchidaceae,,, +, , , ,,,,,R
P_573,Platanthera chlorantha (Cust.) Reichenb.,Stupiniță verzuie,Magnoliopsida,Orchidaceae,,, +, , , ,,,,,R
P_574,Chelidonium majus L.,Rostopască mare,Magnoliopsida,Papaveraceae,,, ,+, ,+,,,,,C
P_575,Papaver dubium L.,Mac dubios,Magnoliopsida,Papaveraceae,,, ,+, , ,,,,,C
P_576,Papaver rhoeas L.,Mac roșu,Magnoliopsida,Papaveraceae,,, ,+, , ,,,,,C
P_577,Plantago cornuti Gouan,Pătlagină cornută,Magnoliopsida,Plantaginaceae,,, ,+,,,,,,,C
P_578,Plantago lanceolata L.,Pătlagină lanceolată,Magnoliopsida,Plantaginaceae,,, ,+,,,,,,,C
P_579,Plantago major L.,Pătlagină majoră,Magnoliopsida,Plantaginaceae,,, ,+,,,,,,,C
P_580,Plantago media L.,Pătlagină medie,Magnoliopsida,Plantaginaceae,,, ,+,,,,,,,C
P_581,Plantago urvillei Opiz,Pătlagină ,Magnoliopsida,Plantaginaceae,,, ,+,,,,,,,C
P_582,Goniolimon besserianum (Schult.) Kusn.,Apărătoare Beser,Magnoliopsida,Plumbaginaceae,,, ,+,+, ,,,,,R
P_583,Limonium gmelinii(Willd.) O. Kuntze ,Sică Gmelin,Magnoliopsida,Plumbaginaceae,,, ,+, , ,,,,,C
P_584,Agropyron pectinatum (Bieb.) Beauv.,Pir pectinat,Magnoliopsida,Poaceae,,, ,+, , ,,,,,C
P_585,Aegilops cylindrica Host,Ciucuri cilindrici,Magnoliopsida,Poaceae,,, ,+, , ,,,,,C
P_586,Agrostis gigantea Roth.,Bucățel giganteu,Magnoliopsida,Poaceae,,, +, , , ,,,,,C
P_587,Agrostis stolonifera L.,Bucățel stolonifer,Magnoliopsida,Poaceae,,, +,+, , ,,,,,C
P_588,Alopecurus aegualis Sobol.,Vulpină egală,Magnoliopsida,Poaceae,,, , , ,+,,,,,C
P_589,Alopecurus arundinaceus Poir.,Vulpină arundinacee,Magnoliopsida,Poaceae,,, , , ,+,,,,,C
P_590,Alopecurus pratensis L.,Coada vulpii,Magnoliopsida,Poaceae,,, ,+, , ,,,,,C
P_591,Anisantha sterilis (L.) Nevscki,Anizantă sterilă,Magnoliopsida,Poaceae,,, ,+, , ,,,,,C
P_592,Anisantha tectorum (L.) Nevski,Anizantă tegulicolă,Magnoliopsida,Poaceae,,, ,+, , ,,,,,C
P_593,Arhenatherum elatius (L.) J. et C.Presl,Raigras înalt,Magnoliopsida,Poaceae,,, ,+, , ,,,,,C
P_594,Beckmannia eruciformis (L.) Host,Becmanie eruciformis,Magnoliopsida,Poaceae,,, +, , , ,,,,,C
P_595,Botrichloa ischaemum (L.) Keng,Bărboasă hemostatică,Magnoliopsida,Poaceae,,, ,+, , ,,,,,C
P_596,Brachyopodium sylvaticum (Huds.) Beauv.,Ovăsică silvatică,Magnoliopsida,Poaceae,,, +, , , ,,,,,C
P_597,Bromopsis benekenii ( Lange) Holub,Târsacă Beneken,Magnoliopsida,Poaceae,,, +, , , ,,,,,C
P_598,Bromopsis inermis (Leys) Holub,Târsacă neînarmată,Magnoliopsida,Poaceae,,, ,+, , ,,,,,C
P_599,Bromopsis riparia (Rehm.) Holub.,Târsacă riparină,Magnoliopsida,Poaceae,,, +, , , ,,,,,C
P_600,Bromus arvensis L.,Obsigă campestră,Magnoliopsida,Poaceae,,, ,+, , ,,,,,C
P_601,Bromus commutatus Schrad.,Obsigă fluctuantă,Magnoliopsida,Poaceae,,, +, , , ,,,,,C
P_602,Bromus japonicus Thunb.,Obsigă japoneză,Magnoliopsida,Poaceae,,, ,+, , ,,,,,C
P_603,Bromus mollis L.,Obsigă moale,Magnoliopsida,Poaceae,,, ,+, , ,,,,,C
P_604,Bromus squarrosus L.,Obsigă svaroasă,Magnoliopsida,Poaceae,,, ,+, , ,,,,,C
P_605,Calamagrostis canescens (Weber) Roth ,Trestioară căruntă,Magnoliopsida,Poaceae,,, ,+, , ,,,,,C
P_606,Calamagrostis arundinacea (L.) Roth ,Trestioară arundinacee,Magnoliopsida,Poaceae,,, +, , , ,,,,,C
P_607,Calamagrostis epigeios (L.) Roth,Trestioară epigee,Magnoliopsida,Poaceae,,, ,+, , ,,,,,C
P_608,Cynodon dactylon (L.) Pers.,Iarba câinelui,Magnoliopsida,Poaceae,,, ,+, , ,,,,,C
P_609,Dactylis glomerata L.,Golomăț glomerat,Magnoliopsida,Poaceae,,, ,+, , ,,,,,C
P_610,Deschampsia caespitosa (L.) Beauv.,Pipiriguță cespitoasă,Magnoliopsida,Poaceae,,, ,+, , ,,,,,C
P_611,Echinochloa crus-galii (L.) Beauv.,Costrei păsărești,Magnoliopsida,Poaceae,,, +, , , ,,,,,C
P_612,Elytrigia intermedia (Host) Nevski,Chirău intermediu,Magnoliopsida,Poaceae,,, ,+, , ,,,,,C
P_613,Elytrigia repens (L.) Nevski,Chirău repent,Magnoliopsida,Poaceae,,, ,+, , ,,,,,C
P_614,Festuca gigantea (L.) Vill.,Păiuș gigantic,Magnoliopsida,Poaceae,,, ,+, , ,,,,,C
P_615,Festuca pratensis Huds.,Păiuș praticol,Magnoliopsida,Poaceae,,, ,+, , ,,,,,C
P_616,Festuca valesiaca Gaudin,Păiuș stepic,Magnoliopsida,Poaceae,,, ,+, , ,,,,,C
P_617,Glyceria maxima (C. Hartm.) Holub,Rourică maximă,Magnoliopsida,Poaceae,,, +, , , ,,,,,C
P_618,Glyceria plicata (Fries) Fries,Rourică cutată,Magnoliopsida,Poaceae,,, +, , , ,,,,,C
P_619,Hordeum leporinum Link,Orz leporin,Magnoliopsida,Poaceae,,, ,+, , ,,,,,C
P_620,Koeleria cristata (L.) Pers.,Kelerie cristată,Magnoliopsida,Poaceae,,, ,+, , ,,,,,C
P_621,Koeleria moldavica M. Alexeenco.,Kelerie moldoveană,Magnoliopsida,Poaceae,,, ,+, , ,,,,,R
P_622,Lolium perenne L.,Zizanie perenă,Magnoliopsida,Poaceae,,, ,+, , ,,,,,C
P_623,Melica nutans L.,Mărgică nutantă,Magnoliopsida,Poaceae,,, +, , , ,,,,,C
P_624,Melica picta C. Koch,Mărgică pestriță,Magnoliopsida,Poaceae,,, +, , , ,,,,,C
P_625,Melica transsilvanica Schur,Mărgică transilvăneană,Magnoliopsida,Poaceae,,, ,+, , ,,,,,C
P_626,Melica uniflora Retz.,Mărgică unifloră,Magnoliopsida,Poaceae,,, +, , , ,,,,,C
P_627,Milium effusum L.,Meișor etalat,Magnoliopsida,Poaceae,,, +, , , ,,,,,C
P_628,Phalaroides arundinaceaea (L.) Rauschert,Ierbăluță arundinacee,Magnoliopsida,Poaceae,,, ,+, , ,,,,,C
P_629,Phleum phleoides (L.) Karst.,Timoftică stepică,Magnoliopsida,Poaceae,,, ,+, , ,,,,,C
P_630,Phleum pratense L.,Timoftică praticolă,Magnoliopsida,Poaceae,,, ,+, , ,,,,,C
P_631,Phragmites australis (Cav.) Trin. ex Stend.,Trestie sudică,Magnoliopsida,Poaceae,,, ,+, ,+,,,,,C
P_632,Poa angustifolia L.,Firuță angustifolie,Magnoliopsida,Poaceae,,, ,+, , ,,,,,C
P_633,Poa annua L.,Firuță anuală,Magnoliopsida,Poaceae,,, ,+, , ,,,,,C
P_634,Poa bulbosa L.,Firuță bulbiferă,Magnoliopsida,Poaceae,,, ,+, , ,,,,,C
P_635,Poa compressa L. ,Firuță compactă,Magnoliopsida,Poaceae,,, ,+, , ,,,,,C
P_636,Poa nemoralis L.,Firuță nemorală,Magnoliopsida,Poaceae,,, ,+, , ,,,,,C
P_637,Poa pratensis L.,Firuță praticolă,Magnoliopsida,Poaceae,,, ,+, , ,,,,,C
P_638,Poa trivialis L.,Firuță trivială,Magnoliopsida,Poaceae,,, ,+, , ,,,,,C
P_639,Puccinellia distans (Jacq.) Parl.,Lăniș distanțat,Magnoliopsida,Poaceae,,, ,+, , ,,,,,C
P_640,Sclerchloa dura (L.) Beauv.,Iarbă tare,Magnoliopsida,Poaceae,,, ,+, , ,,,,,C
P_641,Setaria glauca (L.) Beauv.,Mohor glauc,Magnoliopsida,Poaceae,,, ,+, , ,,,,,C
P_642,Setaria viridis (L.) Beauv.,Mohor verde,Magnoliopsida,Poaceae,,, ,+, , ,,,,,C
P_643,Stipa capillata L.,Negară pletoasă,Magnoliopsida,Poaceae,,, ,+, , ,,,,,C
P_644,Stipa lessingiana  Trin. et Rupr.,Negară Lesing,Magnoliopsida,Poaceae,,, ,+, , ,,,,,R
P_645,Stipa pennata L.,Negară penată,Magnoliopsida,Poaceae,,, ,+, , ,,,,,C
P_646,Stipa pulcherrima K. Koch,Negară frumoasă,Magnoliopsida,Poaceae,,, ,+, , ,,,,,R
P_647,Polygala comosa Schkuhr,Amăreală comată,Magnoliopsida,Polygalaceae,,, ,+, , ,,,,,C
P_648,Polygala vulgaris L.,Amăreală comună,Magnoliopsida,Polygalaceae,,, ,+, , ,,,,,C
P_649,Polygala sibirica L.,Amăreală siberiană,Magnoliopsida,Polygalaceae,,, ,+, , ,,,,,R 
P_650,Fallopia convolvulus L.,Hrișcuță volubilă,Magnoliopsida,Polygalaceae,,, ,+,+, ,,,,,C
P_651,Fallopia dumetorum (L.) Holub,Hrișcuță dumicolă,Magnoliopsida,Polygalaceae,,, ,+, , ,,,,,C
P_652,Polygonum amphibium L.,Troscot amfibie,Magnoliopsida,Polygalaceae,,, ,+, , ,,,,,C
P_653,Polygonum aviculare L.,Troscot păsăresc,Magnoliopsida,Polygalaceae,,, ,+, , ,,,,,C
P_654,Polygonum lapathifolium L.,Troscot latifoliu,Magnoliopsida,Polygalaceae,,, +, , , ,,,,,C
P_655,Polygonum persicaria L.,Troscot persicariu,Magnoliopsida,Polygalaceae,,, +, , ,+,,,,,C
P_656,Rumex acetosa L.,Stevie mare,Magnoliopsida,Polygalaceae,,, +, , , ,,,,,C
P_657,Rumex acetosella  L.,Măcriș mărunt,Magnoliopsida,Polygalaceae,,, ,+, , ,,,,,C
P_658,Rumex aquaticus L.,Stevie acvatică,Magnoliopsida,Polygalaceae,,, +, , , ,,,,,C
P_659,Rumex confertus Willd.,Măcrișul calului,Magnoliopsida,Polygalaceae,,, ,+, , ,,,,,C
P_660,Rumex crispus L.,Stevie crispată,Magnoliopsida,Polygalaceae,,, ,+, , ,,,,,C
P_661,Rumex sanguineus L.,Stevie sanguinee,Magnoliopsida,Polygalaceae,,, ,+, , ,,,,,C
P_662,Rumex sylvestris (Lam.) Wallr.,Stevie silvicolă,Magnoliopsida,Polygalaceae,,, +, , , ,,,,,C
P_663,Portulaca oleracea L.,Porcina grădinii,Magnoliopsida,Portulacaceae,,,,+,,,,,,,C
P_664,Anagalis arvensis L.,Sclipeț campestru,Magnoliopsida,Primulaceae,,, +,+,,,,,,,C
P_665,Anagalis foemina Mill.,Sclipeț albastru,Magnoliopsida,Primulaceae,,, ,+,,,,,,,C
P_666,Androsace elongata L.,Lăptișor elongat,Magnoliopsida,Primulaceae,,, ,+,,,,,,,C
P_667,Lysimachia nummularia L.,Drețe repente,Magnoliopsida,Primulaceae,,, +,+,,,,,,,C
P_668,Lysimachia vulgaris L.,Drețe comune,Magnoliopsida,Primulaceae,,, ,+,,,,,,,C
P_669,Primula veris L.,Aglică vernală,Magnoliopsida,Primulaceae,,, ,+,,,,,,,R
P_670,Aconitum lasiostomum Rchb. Ex Besser,Omag lasiostom,Magnoliopsida,Ranunculaceae,,, +, , , ,,,,,R
P_671,Actaea spicata L.,Orbalț spicat,Magnoliopsida,Ranunculaceae,,, +, , , ,,,,,R
P_672,Adonis vernalis L.,Rușcuță vernală,Magnoliopsida,Ranunculaceae,,, ,+, , ,,,,,R
P_673,Adonis aestivalis L.,Rușcuță estivală,Magnoliopsida,Ranunculaceae,,, ,+, , ,,,,,C
P_674,Anemone sylvestris L.,Oițe silvicole,Magnoliopsida,Ranunculaceae,,, +, , , ,,,,,C
P_675,Anemonoides nemorosa (L.) Holub.,Păștiță silvicolă,Magnoliopsida,Ranunculaceae,,, +, , , ,,,,,C
P_676,Anemonoides ranunculoides  (L.) Holub.,Păștiță silvicolă,Magnoliopsida,Ranunculaceae,,, +, , , ,,,,,C
P_677,Clematis recta L.,Păștiță ranunculoidă,Magnoliopsida,Ranunculaceae,,, ,+, , ,,,,,R
P_678,Clematis vitalba L.,Viță albă,Magnoliopsida,Ranunculaceae,,, +, , , ,,,,,C
P_679,Consolida paniculata  (Host) Schur.,Pintenași paniculați,Magnoliopsida,Ranunculaceae,,, ,+, , ,,,,,C
P_680,Consolida regalis S.F. Gray.,Pintenași regali,Magnoliopsida,Ranunculaceae,,, ,+,+, ,,,,,C
P_681,Ficaria verna Huds.,Grâușor vernal,Magnoliopsida,Ranunculaceae,,, +, , , ,,,,,C
P_682,Isopyrum thalictroides L.,Găinușă talictroidă,Magnoliopsida,Ranunculaceae,,, , , , ,,,,,C
P_683,Nigella arvensis L.,Negrușcă campestris,Magnoliopsida,Ranunculaceae,,, ,+, , ,,,,,C
P_684,Pulsatilla grandis Wender. ,Dedițel mare,Magnoliopsida,Ranunculaceae,,, , ,+, ,,,,,RR 
P_685,Pulsatilla montana (Hoppe) Rchb.,Dedițel montan,Magnoliopsida,Ranunculaceae,,, , ,+, ,,,,,R
P_686,Ranunculus acris L.,Boglari acri,Magnoliopsida,Ranunculaceae,,, +,+, , ,,,,,C
P_687,Ranunculus auricomus L.,Boglari aurii,Magnoliopsida,Ranunculaceae,,, ,+, , ,,,,,C
P_688,Ranunculus illyricus L.,Trânjoaică,Magnoliopsida,Ranunculaceae,,, ,+,+, ,,,,,C
P_689,Ranunculus meyerianus Rupr.,Boglari Meier,Magnoliopsida,Ranunculaceae,,, ,+, , ,,,,,C
P_690,Ranunculus nemorosus L.,Boglari silvatici,Magnoliopsida,Ranunculaceae,,, +, , , ,,,,,C
P_691,Ranunculus  polyanthemos L.,Boglari pluriflori,Magnoliopsida,Ranunculaceae,,, ,+, , ,,,,,C
P_692,Ranunculus pseudobulbosus Schur.,Boglari pseudobulboși,Magnoliopsida,Ranunculaceae,,, ,+, , ,,,,,C
P_693,Ranunculus repens L.,Boglari repenți,Magnoliopsida,Ranunculaceae,,, ,+, , ,,,,,C
P_694,Ranunculus sceleratus L.,Boglari toxici,Magnoliopsida,Ranunculaceae,,, ,+, , ,,,,,C
P_695,Thalictrum lucidum L.,Rutișorlucios,Magnoliopsida,Ranunculaceae,,, +, , , ,,,,,C
P_696,Thalictrum minus L.,Rutișor mic,Magnoliopsida,Ranunculaceae,,, , ,+, ,,,,,C
P_697,Reseda lutea L.,Rechie galbenă,Magnoliopsida,Resedaceae,,, ,+,+, ,,,,,C
P_698,Frangula alnus Mill.,Crușin fragil,Magnoliopsida,Rhamnaceae,,, , ,+, ,,,,,C
P_699,Rhamnus cathartica L.,Verigar purgativ,Magnoliopsida,Rhamnaceae,,, , ,+, ,,,,,C
P_700,Agrimonia eupatoria L.,Turicioară comună,Magnoliopsida,Rosaceae,,, ,+, , ,,,,,C
P_701,Agrimonia procera L.,Turicioară păroasă,Magnoliopsida,Rosaceae,,,+,+, , ,,,,,C
P_702,Amygdalus nana L.,Migdal pitic,Magnoliopsida,Rosaceae,,, , ,+, ,,,,,R
P_703,Cerasus avium (L.) Moench,Cireș păsăresc,Magnoliopsida,Rosaceae,,, , , , ,,,,,C
P_704,Cotoneaster melanocarpus Fisch. ex Blytt,Bârcoace,Magnoliopsida,Rosaceae,,, , ,+, ,,,,,RR
P_705,Crataegus curvisepala Lindm.,Păducel curvisepal,Magnoliopsida,Rosaceae,,, , , , ,,,,,C
P_706,Crataegus monogyna Jacq.,Păducel monogin ,Magnoliopsida,Rosaceae,,, , , , ,,,,,C
P_707,Filipendula vulgaris Moench,Crețușcă comună,Magnoliopsida,Rosaceae,,, ,+, , ,,,,,C
P_708,Filipendula ulmaria L. Maxim,Crețușcă ulmifolie,Magnoliopsida,Rosaceae,,, , , ,+,,,,,C
P_709,Fragaria campestris Stev.,Fragi campeștri,Magnoliopsida,Rosaceae,,, ,+,+, ,,,,,C
P_710,Fragaria vesca L.,Fragi comestibili,Magnoliopsida,Rosaceae,,, ,+, , ,,,,,C
P_711,Fragaria viridis Duch.,Fragi verzi,Magnoliopsida,Rosaceae,,, ,+, , ,,,,,C
P_712,Geum urbanum L.,Cerențel urban,Magnoliopsida,Rosaceae,,, +, , , ,,,,,C
P_713,Malus sylvestris Mill.,Măr pădureț,Magnoliopsida,Rosaceae,,, +, , , ,,,,,C
P_714,Potentilla arenaria L.,Scrântitoare arenicolă,Magnoliopsida,Rosaceae,,, ,+,+, ,,,,,C
P_715,Potentilla anserina L.,Coada racului,Magnoliopsida,Rosaceae,,, , , ,+,,,,,C
P_716,Potentilla argentea L.,Scrântitoare argintie,Magnoliopsida,Rosaceae,,, ,+, , ,,,,,C
P_717,Potentilla obscura Willd.,Scrântitoare obscură,Magnoliopsida,Rosaceae,,, , , , ,,,,,C
P_718,Potentilla recta L.,Scrântitoare erectă,Magnoliopsida,Rosaceae,,, ,+, , ,,,,,C
P_719,Potentilla reptans L.,Scrântitoare repentă,Magnoliopsida,Rosaceae,,, ,+, ,+,,,,,C
P_720,Potentilla supina L.,Scrântitoare culcată,Magnoliopsida,Rosaceae,,, , , ,+,,,,,C
P_721,Poterium minor L.,Cebărea,Magnoliopsida,Rosaceae,,, ,+, , ,,,,,C
P_722,Poterium polygamum Walds et Kit.,Sângeric poligam,Magnoliopsida,Rosaceae,,, ,+, , ,,,,,C
P_723,Prunus spinosa L.,Porumbar,Magnoliopsida,Rosaceae,,, ,+,+, ,,,,,C
P_724,Pyrus pyraster Burgsd.,Păr pădureț,Magnoliopsida,Rosaceae,,, +, , , ,,,,,C
P_725,Rosa andegavensis Bast.,Măceș andegavean,Magnoliopsida,Rosaceae,,, , , , ,,,,,C
P_726,Rosa canina L.,Măceș canin,Magnoliopsida,Rosaceae,,, ,+,+, ,,,,,C
P_727,Rosa corymbifera Borkh.,Măceș corimbifer,Magnoliopsida,Rosaceae,,, ,+, , ,,,,,C
P_728,Rosa gallica L.,Măceș galic,Magnoliopsida,Rosaceae,,, , , , ,,,,,C
P_729,Rosa pimpinellifolia L.,Măceș pimpinelifoliu,Magnoliopsida,Rosaceae,,, , ,+, ,,,,,C
P_730,Rosa rubiginosa L.,Măceș ruginiu,Magnoliopsida,Rosaceae,,, , , , ,,,,,C
P_731,Rubus caesius L.,Mur pavonin,Magnoliopsida,Rosaceae,,, +, , , ,,,,,C
P_732,Rubus canescens DC.,Mur canescent,Magnoliopsida,Rosaceae,,, , , , ,,,,, 
P_733,Rubus idaeus L.,Zmeur,Magnoliopsida,Rosaceae,,, +, , , ,,,,,R
P_734,Sorbus domestica L.,Sorb domestic,Magnoliopsida,Rosaceae,,, +, , , ,,,,,R
P_735,Sorbus torminalis L.,Sorb,Magnoliopsida,Rosaceae,,, +, , , ,,,,,C
P_736,Asperula cynanchica L.,Lipitoare canină,Magnoliopsida,Rubiaceae,,, +,+, , ,,,,,C
P_737,Asperula odorata L.,Lipitoare odorantă,Magnoliopsida,Rubiaceae,,, ,+,+, ,,,,,C
P_738,Galium aparine L.,Turiță,Magnoliopsida,Rubiaceae,,, ,+, , ,,,,,C
P_739,Galium campanulatum Vill.,Drăgaică campanulată,Magnoliopsida,Rubiaceae,,, ,+, , ,,,,,C
P_740,Galium humifusum Bieb.,Drăgaică prostrată,Magnoliopsida,Rubiaceae,,, ,+, , ,,,,,C
P_741,Galium intermedium Schult.,Drăgaică intermedie,Magnoliopsida,Rubiaceae,,, +, , , ,,,,,C
P_742,Galium mollugo L.,Drăgaică moale,Magnoliopsida,Rubiaceae,,, +, , , ,,,,,C
P_743,Galium odoratum (L.) Scop.,Vinăriță,Magnoliopsida,Rubiaceae,,, ,+,+, ,,,,,C
P_744,Galium octonarium (Klok.) Soo,Drăgaică octofilă,Magnoliopsida,Rubiaceae,,, ,+, , ,,,,,C
P_745,Galium verum L.,Sânziene,Magnoliopsida,Rubiaceae,,, ,+, , ,,,,,C
P_746,Haplophyllum suaveolens Ledeb.,Haplofil odorant,Magnoliopsida,Rutaceae,,,+,,,,,,,,C
P_747,Populus alba L.,Plop alb,Magnoliopsida,Salicaceae,,, +, , ,+,,,,,C
P_748,Populus canacens (Ait) Smith,Plop canescent,Magnoliopsida,Salicaceae,,, +, , ,+,,,,,C
P_749,Populus tremula L.,Plop tremurător,Magnoliopsida,Salicaceae,,, +, , , ,,,,,C
P_750,Salix alba L.,Salcie albă,Magnoliopsida,Salicaceae,,, +, , ,+,,,,,C
P_751,Salix capraea L.,Salcie căprească,Magnoliopsida,Salicaceae,,, +, , ,+,,,,,C
P_752,Salix cinerea L.,Zăloagă,Magnoliopsida,Salicaceae,,, , , ,+,,,,,C
P_753,Salix viminalis L.,Mlaje,Magnoliopsida,Salicaceae,,, , , ,+,,,,,C
P_754,Salix fragilis L.,Salcie fragilă,Magnoliopsida,Salicaceae,,, , , ,+,,,,,C
P_755,Salix purpurea L.,Răchită roșie,Magnoliopsida,Salicaceae,,, ,+, ,+,,,,,C
P_756,Salix triandra L.,Salcie triandrică,Magnoliopsida,Salicaceae,,, ,+, , ,,,,,C
P_757,Sambucus ebulus L.,Boz,Magnoliopsida,Sambucaceae ,,,,,,,,,,,C
P_758,Thesium arvense Horvatvszky,Măciulie campestră,Magnoliopsida,Santhalaceae,,,,,,,,,,,C
P_759,Saxifraga tridactylites L.,Prescurice tridigitată,Magnoliopsida,Saxifragaceae,,,,,+,,,,,,RR
P_760,Lathraea squamaria L.,Șerpariță scvamoasă,Magnoliopsida,Scrophulariaceae,,, +, , , ,,,,,C
P_761,Linaria genistifolia (L.) Mill. ,Linăriță genistifolie,Magnoliopsida,Scrophulariaceae,,, +, , , ,,,,,C
P_762,Linaria vulgaris Mill.,Linăriță comună,Magnoliopsida,Scrophulariaceae,,, ,+,+, ,,,,,C
P_763,Melampyrum nemorosum L.,Sor-cu-frate,Magnoliopsida,Scrophulariaceae,,, ,+, , ,,,,,C
P_764,Odontites luteus (L.) Clairv. ,Dințură galbenă,Magnoliopsida,Scrophulariaceae,,, ,+, , ,,,,,C
P_765,Odontites vulgaris L.,Dințură comună,Magnoliopsida,Scrophulariaceae,,, ,+, , ,,,,,C
P_766,Scrophularia nodosa L.,Buberic noduros,Magnoliopsida,Scrophulariaceae,,, +, , , ,,,,,C
P_767,Scrophularia vernalis L.,Buberic vernal,Magnoliopsida,Scrophulariaceae,,, +,+, , ,,,,,C
P_768,Verbascum bllattaria L.,Lumânărică obscură,Magnoliopsida,Scrophulariaceae,,, ,+, , ,,,,,C
P_769,Verbascum phoeniceum L.,Lumânărică violacee,Magnoliopsida,Scrophulariaceae,,, ,+, , ,,,,,C
P_770,Verbascum phlomoides L.,Lumânărică domnului,Magnoliopsida,Scrophulariaceae,,, ,+, , ,,,,,C
P_771,Verbascum speciosum Schrad.,Lumânărică uimitoare,Magnoliopsida,Scrophulariaceae,,, ,+, , ,,,,,C
P_772,Veronica anagalloides Guss.,Veronică anagaloidă,Magnoliopsida,Scrophulariaceae,,, ,+, , ,,,,,C
P_773,Veronica austriaca L,Veronică austriacă,Magnoliopsida,Scrophulariaceae,,, ,+, , ,,,,,C
P_774,Veronica arvensis L.,Veronică campestră,Magnoliopsida,Scrophulariaceae,,, ,+, , ,,,,,C
P_775,Veronica beccabunga L.,Bobornic,Magnoliopsida,Scrophulariaceae,,, , , ,+,,,,,C
P_776,Veronica chamaedrys L.,Stejărel,Magnoliopsida,Scrophulariaceae,,, ,+, , ,,,,,C
P_777,Veronica hederifolia L.,Veronică hederifolie,Magnoliopsida,Scrophulariaceae,,, +, , , ,,,,,C
P_778,Veronica jacquinii Baumg.,Veronică Jacquin,Magnoliopsida,Scrophulariaceae,,, ,+, , ,,,,,C
P_779,Veronica officinalis L.,Veronică medicinală,Magnoliopsida,Scrophulariaceae,,, ,+, , ,,,,,C
P_780,Veronica persica Poir.,Veronică persiană,Magnoliopsida,Scrophulariaceae,,, ,+, , ,,,,,C
P_781,Veronica polita Fries.,Veronică lucioasă,Magnoliopsida,Scrophulariaceae,,, +, , , ,,,,,C
P_782,Veronica prostrata L.,Veronică prostrată,Magnoliopsida,Scrophulariaceae,,, ,+, , ,,,,,C
P_783,Veronica praecox All.,Veronică precoce,Magnoliopsida,Scrophulariaceae,,, ,+, , ,,,,,C
P_784,Veronica serpyllifolia L.,Veronică serpilifolie,Magnoliopsida,Scrophulariaceae,,, +, , , ,,,,,C
P_785,Veronica spicata L.,Băieței,Magnoliopsida,Scrophulariaceae,,, ,+, , ,,,,,C
P_786,Veronica teucrium L.,Veronică teucrioidă,Magnoliopsida,Scrophulariaceae,,, ,+,+, ,,,,,C
P_787,Ailanthus altissima (Miller) Swigle,Cenușer înalt,Magnoliopsida,Simaroubaceae,,, +,+,+, ,,,,,C
P_788,Datura stramonium L. ,Ciumăfaie comună,Magnoliopsida,Solonaceae,,, +,+, , ,,,,,C
P_789,Hyoscyamus niger L.,Măselariță neagră,Magnoliopsida,Solonaceae,,, +,+, , ,,,,,C
P_790,Physalis alkekengi L.,Păpălău comun,Magnoliopsida,Solonaceae,,, +, , , ,,,,,C
P_791,Scopolia carniolica Jacq.,Mutulică comună,Magnoliopsida,Solonaceae,,, +, , , ,,,,,RR
P_792,Solanum dulcamara L.,Zârnă dulcamară,Magnoliopsida,Solonaceae,,, +,+, , ,,,,,C
P_793,Solanum nigrum L.,Zârnă neagră,Magnoliopsida,Solonaceae,,, +,+, , ,,,,,C
P_794,Staphyllea pinnata L.,Clocotiș,Magnoliopsida, Staphyleaceae,,, +,,,,,,,,R
P_795,Typha angustifolia L.,Papură angustifolie,Magnoliopsida,Thyphaceae,,,,,, +,,,,,C
P_796,Typha  latifolia L.,Papură latifolie,Magnoliopsida,Thyphaceae,,,,,, +,,,,,C
P_797,Tilia cordata Mill.,Tei roșu,Magnoliopsida,Tiliaceae,,, +,,,,,,,,C
P_798,Tilia tomentosa Moench.,Tei argintiu,Magnoliopsida,Tiliaceae,,, +,,,,,,,,C
P_799,Ulmus carpinifolia Rupp. ex Suckow,Ulmcarpinifoliu,Magnoliopsida,Ulmaceae,,, +,,,,,,,,C
P_800,Ulmus glabra Huds.,Ulm glabru,Magnoliopsida,Ulmaceae,,, +,,,,,,,,C
P_801,Ulmus laevis Pall.,Velniș,Magnoliopsida,Ulmaceae,,, +,,,,,,,,C
P_802,Parietaria officinalis L.,Parachelniță officinalis,Magnoliopsida,Urticaceae,,, +, , ,,,,,,C
P_803,Urtica dioica L.,Urzică dioica,Magnoliopsida,Urticaceae,,, +,+, ,,,,,,C
P_804,Urtica urens L.,Urzică arzătoare,Magnoliopsida,Urticaceae,,, +,+, ,,,,,,C
P_805,Valeriana collina Wallr.,Odolean colinar,Magnoliopsida,Valerianaceae,,, ,+,,,,,,,C
P_806,Valeriana officinalis L.,Odolean medicinal,Magnoliopsida,Valerianaceae,,, +, ,,,,,,,C
P_807,Verbena officinalis L.,Sporici medicinal,Magnoliopsida,Verbenaceae,,,,+,,,,,,,C
P_808,Viola alba Bess.,Toporaș alb,Magnoliopsida,Violaceae,,, +,+, , ,,,,,C
P_809,Viola ambigua Waldst. & Kit. ,Toporaș dubios,Magnoliopsida,Violaceae,,, +,+, , ,,,,,C
P_810,Viola arvensis Murr.,Toporaș campestru,Magnoliopsida,Violaceae,,, ,+, , ,,,,,C
P_811,Viola elatior Fries,Toporaș înalt,Magnoliopsida,Violaceae,,, +, , , ,,,,,C
P_812,Viola hirta L.,Toporaș aspru ,Magnoliopsida,Violaceae,,, ,+,+, ,,,,,C
P_813,Viola mirabilis L.,Toporaș minunat,Magnoliopsida,Violaceae,,, +,+, , ,,,,,C
P_814,Viola odorata L.,Toporaș odorat,Magnoliopsida,Violaceae,,, +, , , ,,,,,C
P_815,Viola reichenbachiana Jord. ex Boreau,Toporaș Reichenbach,Magnoliopsida,Violaceae,,, +, , , ,,,,,C
P_816,Viola suavis Bieb.,Toporaș plăcut,Magnoliopsida,Violaceae,,, +,+, , ,,,,,C
P_817,Viola tricolor L.,Tricolori,Magnoliopsida,Violaceae,,, ,+,+, ,,,,,C
P_818,Centaurea ruthenica Lam,,,,,Trebujeni,,,,,,,,,
P_819,Crepis tectorum L.,,,,,Morovaia,,,,,,,,,
P_820,Lactuca saligna L,,,,,"Mășcăuți, Ivancea",,,,,,,,,
P_821,Leontodon biscutelifolius DC.,,,,,"Morovaia, Trebujeni",,,,,,,,,
P_822,Podospermum laciniatum (L.) DC.,,,,,"Mășcăuți, Butuceni",,,,,,,,,
P_823,Potentilla obscura Willd.,,,,,"Tîgănești, Trebujeni",,,,,,,,,
P_824,Rosa andegavensis Dost.,,,,,"Trebujeni, Butuceni",,,,,,,,,
P_825,Rosa gallica L.,,,,,Trebujeni,,,,,,,,,
P_826,Rosa rubiginosa L.,,,,,"Trebujeni, Mașcauți",,,,,,,,,
P_827,Rubus canescens DC.,,,,,Butuceni,,,,,,,,,
P_828,Sonchus palustris L.,,,,,"Mășcăuți, Butuceni, Trebujeni",,,,,,,,,
P_829,Aconitum lasiostomum Rchb. ex Besser,,,,Silvicolă / Favorabilă,"Ivancea, Teleșeu, Seliște, Vatici, Trebujeni",,,,,+, , ,EN,
P_830,Allium inaequale Janka,,,,Stepică / Favorabilă,Mășcăuți,,,,,+, , ,VU,
P_831,Alyssum gmelinii Jord.,,,,Petricolă / Favorabilă,Trebujeni,,,,,+, , ,VU,
P_832,Athyrium filix-femina (L.) Roth,,,,Silvicolă / Nefavorabilă,Vatici,,,,,+, , ,VU,
P_833,Cephalanthera damasonium (Mill.) Druce,,,,Silvicolă / Favorabilă,"Ivancea, Vatici",,,,,+, , ,VU,
P_834,Cephalanthera longifolia (L.) Fritsch,,,,Silvicolă / Necunoscută,"Teleșeu, Țigănești",,,,,+, , ,VU,
P_835,Cephalanthera rubra (L.) Rich.,,,,Silvicolă / Necunoscută,"Ivancea, Vatici",,,,,+, , ,CR,
P_836,Cotoneaster melanocarpus Fisch. ex A.Blytt,,,,Petricolă / Favorabilă,Trebujeni,,,,,+, , ,EN,
P_837,Cypripedium calceolus L.  ,,,,Silvicolă / Nefavorabilă,"Ivancea, Seliște",,,,,+,+,+,CR,
P_838,Dentaria glandulosa Waldst. et Kit  ,,,,Silvicolă / Necunoscută,"Ivancea, Vatici, Bravicea",,,,,+, , ,VU,
P_839,Dentaria quinquefolia M.Bieb.  ,,,,Silvicolă / Necunoscută,"Ivancea, Vatici, Bravicea",,,,,+, , ,EN,
P_840,Dryopteris carthusiana H.P. Fuchs,,,,Silvicolă / Necunoscută,"Seliște, Vatici",,,,,+, , ,EN,
P_841,Dryopteris filix-mas (L.) Schott  ,,,,Silvicolă / Necunoscută,"Ivancea, Teleșeu, Seliște, Vatici, Bravicea",,,,,+, , ,VU,
P_842,Epipactis purpurata Smith.,,,,Silvicolă / Favorabilă,"Ivancea, Teleșeu, Seliște, Vatici, Bravicea",,,,,+, , ,CR,
P_843,Fritillaria montana Hoppe ex W.D.J. Koch  ,,,,Silvicolă / Favorabilă,"Tribujeni, Ivancea",,,,,+,+, ,VU,
P_844,Galanthus nivalis L.,,,,Silvicolă / Nefavorabilă,"Ivancea, Teleșeu, Seliște, Vatici, Bravicea",,,,,+, ,+,VU,
P_845,Genista tetragona Besser,,,,Petricolă / Favorabilă,Mășcăuți,,,,,+,+, ,VU,
P_846,Gymnocarpium robertianum (Hoffm) Newman,,,,Petricolă / Nefavorabilă,Trebujeni,,,,,+, , ,CR,
P_847,Helianthemum canum (L.) Hornem.,,,,Petricolă / Favorabilă,"Trebujeni, Butuceni, Morovaia, Mășcăuți",,,,,+, , ,VU,
P_848,Jurinea stoechadifolia (M. Bieb.) DC.,,,,Petricolă / Favorabilă,"Mășcăuți, Morovaia",,,,,+, , ,VU,
P_849,Koeleria moldavica M. Alexeenco.  ,,,,Stepică / Nefavorabilă,Ivancea,,,,,+, , ,VU,
P_850,Ophioglossum vulgatum L.  ,,,,Praticolă / Necunoscută,Ivancea,,,,,+, , ,CR,
P_851,Orchis purpurea Huds,,,,Praticolă / Favorabilă,"Seliște, Teleșeu, Vatici, Bravicea",,,,,+, , ,CR,
P_852,Ornithogalum boucheanum (Kunth) Asch.,,,,Praticolă / Necunoscută,"Trebujeni, Brănești",,,,,+, , ,EN,
P_853,Paronychia cephalotes (M.Bieb.) Besser,,,,Petricolă / Favorabilă,"Mășcăuți, Morovaia",,,,,+, , ,CR,
P_854,Pulsatilla grandis Wender.,,,,Stepică / Favorabilă,Trebujeni,,,,,+, , ,EN,
P_855,Saxifraga tridactylites L.  ,,,,Petricolă / Favorabilă,"Trebujeni, Mășcăuți",,,,,+, , ,CR,
P_856,Schivereckia podolica (Bess.) Andrz.,,,,Petricolă / Favorabilă,"Trebujeni, Mășcăuți",,,,,+,+, ,VU,
P_857,Scopolia carniolica Jacq.  ,,,,Silvicolă / Favorabilă,"Bravicea, Țîgănești",,,,,+, , ,VU,
P_858,Sempervivum ruthenicum (W. D. J. Koch) Schnittsp. et C. B. Lehm.,,,,Petricolă / Favorabilă,Trebujeni,,,,,+, , ,CR,
P_859,Seseli peucedanifolium Besser,,,,Stepică / Favorabilă,"Trebujeni, Butuceni, Morovaia",,,,,+, , ,VU,
P_860,Sorbus domestica L.,,,,Silvicolă / Necunoscută,"Ivancea, Seliște, Bravicea, Trebujeni",,,,,+, , ,EN,
P_861,Thelypteris palustris Schott  ,,,,Praticolă / Necunoscută,Seliște,,,,,+, , ,EN,
